CREATE DATABASE  IF NOT EXISTS `coms3-misis` /*!40100 DEFAULT CHARACTER SET utf8mb4 COLLATE utf8mb4_0900_ai_ci */ /*!80016 DEFAULT ENCRYPTION='N' */;
USE `coms3-misis`;
-- MySQL dump 10.13  Distrib 8.0.20, for Win64 (x86_64)
--
-- Host: 127.0.0.1    Database: coms3-misis
-- ------------------------------------------------------
-- Server version	8.0.20

/*!40101 SET @OLD_CHARACTER_SET_CLIENT=@@CHARACTER_SET_CLIENT */;
/*!40101 SET @OLD_CHARACTER_SET_RESULTS=@@CHARACTER_SET_RESULTS */;
/*!40101 SET @OLD_COLLATION_CONNECTION=@@COLLATION_CONNECTION */;
/*!50503 SET NAMES utf8 */;
/*!40103 SET @OLD_TIME_ZONE=@@TIME_ZONE */;
/*!40103 SET TIME_ZONE='+00:00' */;
/*!40014 SET @OLD_UNIQUE_CHECKS=@@UNIQUE_CHECKS, UNIQUE_CHECKS=0 */;
/*!40014 SET @OLD_FOREIGN_KEY_CHECKS=@@FOREIGN_KEY_CHECKS, FOREIGN_KEY_CHECKS=0 */;
/*!40101 SET @OLD_SQL_MODE=@@SQL_MODE, SQL_MODE='NO_AUTO_VALUE_ON_ZERO' */;
/*!40111 SET @OLD_SQL_NOTES=@@SQL_NOTES, SQL_NOTES=0 */;

--
-- Table structure for table `courses`
--

DROP TABLE IF EXISTS `courses`;
/*!40101 SET @saved_cs_client     = @@character_set_client */;
/*!50503 SET character_set_client = utf8mb4 */;
CREATE TABLE `courses` (
  `unitCode` varchar(45) CHARACTER SET utf8mb4 COLLATE utf8mb4_0900_ai_ci NOT NULL,
  `courseID` int DEFAULT NULL,
  `courseName` varchar(45) CHARACTER SET utf8mb4 COLLATE utf8mb4_general_ci DEFAULT NULL,
  UNIQUE KEY `unitCode_UNIQUE` (`unitCode`)
) ENGINE=InnoDB DEFAULT CHARSET=utf8mb4 COLLATE=utf8mb4_general_ci;
/*!40101 SET character_set_client = @saved_cs_client */;

--
-- Dumping data for table `courses`
--

LOCK TABLES `courses` WRITE;
/*!40000 ALTER TABLE `courses` DISABLE KEYS */;
INSERT INTO `courses` VALUES ('COMS1015A',1,'COMS1015A-2020'),('COMS1018A',2,'COMS1018A-2020'),('COMS2002A',4,'COMS2003A-2020'),('COMS2013A',3,'COMS2013A-2020');
/*!40000 ALTER TABLE `courses` ENABLE KEYS */;
UNLOCK TABLES;

--
-- Table structure for table `enrollments`
--

DROP TABLE IF EXISTS `enrollments`;
/*!40101 SET @saved_cs_client     = @@character_set_client */;
/*!50503 SET character_set_client = utf8mb4 */;
CREATE TABLE `enrollments` (
  `id` int NOT NULL AUTO_INCREMENT,
  `studentNo` int NOT NULL,
  `name` varchar(45) NOT NULL,
  `surname` varchar(45) NOT NULL,
  `subject` varchar(45) NOT NULL,
  `unitCode` varchar(45) NOT NULL,
  `session` varchar(3) NOT NULL,
  `classSection` varchar(1) NOT NULL,
  `expiryDate` datetime NOT NULL,
  `status` varchar(45) DEFAULT 'ENROLLED',
  `courseId` int DEFAULT '0',
  PRIMARY KEY (`id`)
) ENGINE=InnoDB AUTO_INCREMENT=1566 DEFAULT CHARSET=utf8;
/*!40101 SET character_set_client = @saved_cs_client */;

--
-- Dumping data for table `enrollments`
--

LOCK TABLES `enrollments` WRITE;
/*!40000 ALTER TABLE `enrollments` DISABLE KEYS */;
INSERT INTO `enrollments` VALUES (481,710178,'Nokuthaba','Moyo','COMS','COMS1018A','SM1','A','2020-06-30 00:00:00','ENROLLED',2),(482,1054399,'Mandlakhe','Nxumalo','COMS','COMS1018A','SM1','A','2020-06-30 00:00:00','ENROLLED',2),(483,1112786,'Karabo','Thema','COMS','COMS1018A','SM1','A','2020-06-30 00:00:00','ENROLLED',2),(484,1137655,'Goitsemodimo','Modise','COMS','COMS1018A','SM1','A','2020-06-30 00:00:00','ENROLLED',2),(485,1387892,'Keean','Mitchell','COMS','COMS1018A','SM1','A','2020-06-30 00:00:00','ENROLLED',2),(486,1406705,'Thabang','Mashabela','COMS','COMS1018A','SM1','A','2020-06-30 00:00:00','ENROLLED',2),(487,1441283,'Motlalekhotso','Maema','COMS','COMS1018A','SM1','A','2020-06-30 00:00:00','ENROLLED',2),(488,1601812,'Jia-Xin','Gao','COMS','COMS1018A','SM1','A','2020-06-30 00:00:00','ENROLLED',2),(489,1608780,'Leandra','Brits','COMS','COMS1018A','SM1','A','2020-06-30 00:00:00','ENROLLED',2),(490,1612094,'Lizl','van Jaarsveld','COMS','COMS1018A','SM1','A','2020-06-30 00:00:00','ENROLLED',2),(491,1613637,'Cebolenkosi','Dlamini','COMS','COMS1018A','SM1','A','2020-06-30 00:00:00','ENROLLED',2),(492,1645918,'Lebohang','Makale','COMS','COMS1018A','SM1','A','2020-06-30 00:00:00','ENROLLED',2),(493,1763063,'Khotsofalang','Tsunyane','COMS','COMS1018A','SM1','A','2020-06-30 00:00:00','ENROLLED',2),(494,1828282,'Mohammed','Ally','COMS','COMS1018A','SM1','A','2020-06-30 00:00:00','ENROLLED',2),(495,1836672,'Patience','Mbanga','COMS','COMS1018A','SM1','A','2020-06-30 00:00:00','ENROLLED',2),(496,1837459,'Yasser','Hassen','COMS','COMS1018A','SM1','A','2020-06-30 00:00:00','ENROLLED',2),(497,1839188,'Tshepang','Zim','COMS','COMS1018A','SM1','A','2020-06-30 00:00:00','ENROLLED',2),(498,1839323,'Shawn','Owino','COMS','COMS1018A','SM1','A','2020-06-30 00:00:00','ENROLLED',2),(499,1841535,'Aharon','Grossberg','COMS','COMS1018A','SM1','A','2020-06-30 00:00:00','ENROLLED',2),(500,1843138,'Matthew','Loo','COMS','COMS1018A','SM1','A','2020-06-30 00:00:00','ENROLLED',2),(501,1845347,'Zagesh','Parshotam','COMS','COMS1018A','SM1','A','2020-06-30 00:00:00','ENROLLED',2),(502,1848312,'Emmanuel','Mwandla','COMS','COMS1018A','SM1','A','2020-06-30 00:00:00','ENROLLED',2),(503,1857258,'Ntokozo','Mkhwanazi','COMS','COMS1018A','SM1','A','2020-06-30 00:00:00','ENROLLED',2),(504,1858930,'Alfred','Khanyile','COMS','COMS1018A','SM1','A','2020-06-30 00:00:00','ENROLLED',2),(505,1866853,'Theurgy','Mashaba','COMS','COMS1018A','SM1','A','2020-06-30 00:00:00','ENROLLED',2),(506,1878410,'Aaliyah','Lowton','COMS','COMS1018A','SM1','A','2020-06-30 00:00:00','ENROLLED',2),(507,1884606,'Lerato','Sibane','COMS','COMS1018A','SM1','A','2020-06-30 00:00:00','ENROLLED',2),(508,1914752,'Zidan','Cassim','COMS','COMS1018A','SM1','A','2020-06-30 00:00:00','ENROLLED',2),(509,1917511,'Liso','Tabata','COMS','COMS1018A','SM1','A','2020-06-30 00:00:00','ENROLLED',2),(510,1925774,'Senzo','Mhlelembana','COMS','COMS1018A','SM1','A','2020-06-30 00:00:00','ENROLLED',2),(511,1928716,'Sifiso','Sompa','COMS','COMS1018A','SM1','A','2020-06-30 00:00:00','ENROLLED',2),(512,2068499,'Ntsakisi','Kanyana','COMS','COMS1018A','SM1','A','2020-06-30 00:00:00','ENROLLED',2),(513,2071490,'Hendrick','Makhomisane','COMS','COMS1018A','SM1','A','2020-06-30 00:00:00','ENROLLED',2),(514,2088850,'Koketso','Ramokhubathi','COMS','COMS1018A','SM1','A','2020-06-30 00:00:00','ENROLLED',2),(515,2089920,'Atif','Rai-Khan','COMS','COMS1018A','SM1','A','2020-06-30 00:00:00','ENROLLED',2),(516,2090868,'Tahseen','Mithagare','COMS','COMS1018A','SM1','A','2020-06-30 00:00:00','ENROLLED',2),(517,2091172,'Ndiwanga','Masengani','COMS','COMS1018A','SM1','A','2020-06-30 00:00:00','ENROLLED',2),(518,2092064,'Ongeziwe','Gomoshe','COMS','COMS1018A','SM1','A','2020-06-30 00:00:00','ENROLLED',2),(519,2094425,'Khwatsi','Maluleke','COMS','COMS1018A','SM1','A','2020-06-30 00:00:00','ENROLLED',2),(520,2095614,'Rudzani','Marole','COMS','COMS1018A','SM1','A','2020-06-30 00:00:00','ENROLLED',2),(521,2096330,'Riot','Ndlovu','COMS','COMS1018A','SM1','A','2020-06-30 00:00:00','ENROLLED',2),(522,2103472,'Caitlin','Nxumalo','COMS','COMS1018A','SM1','A','2020-06-30 00:00:00','ENROLLED',2),(523,2105374,'Nkholo','Kutumela','COMS','COMS1018A','SM1','A','2020-06-30 00:00:00','ENROLLED',2),(524,2107007,'Fatima','Essa','COMS','COMS1018A','SM1','A','2020-06-30 00:00:00','ENROLLED',2),(525,2107168,'Smriti','Lall','COMS','COMS1018A','SM1','A','2020-06-30 00:00:00','ENROLLED',2),(526,2108730,'Justin','Moodley','COMS','COMS1018A','SM1','A','2020-06-30 00:00:00','ENROLLED',2),(527,2110056,'Abdullah','Laher','COMS','COMS1018A','SM1','A','2020-06-30 00:00:00','ENROLLED',2),(528,2110898,'Thisra','Pillay','COMS','COMS1018A','SM1','A','2020-06-30 00:00:00','ENROLLED',2),(529,2113525,'Brian','Makhubele','COMS','COMS1018A','SM1','A','2020-06-30 00:00:00','ENROLLED',2),(530,2113798,'Mphulane','Hlapisi','COMS','COMS1018A','SM1','A','2020-06-30 00:00:00','ENROLLED',2),(531,2115719,'Boipelo','Thabane','COMS','COMS1018A','SM1','A','2020-06-30 00:00:00','ENROLLED',2),(532,2116029,'Catherine','Ryan','COMS','COMS1018A','SM1','A','2020-06-30 00:00:00','ENROLLED',2),(533,2117125,'Ndivhuwo','Davhula','COMS','COMS1018A','SM1','A','2020-06-30 00:00:00','ENROLLED',2),(534,2125969,'Yolando','Qalazive','COMS','COMS1018A','SM1','A','2020-06-30 00:00:00','ENROLLED',2),(535,2126182,'Mulanga','Sibeli','COMS','COMS1018A','SM1','A','2020-06-30 00:00:00','ENROLLED',2),(536,2126218,'Ntuthuko','Makhuthe','COMS','COMS1018A','SM1','A','2020-06-30 00:00:00','ENROLLED',2),(537,2128727,'Amicent','Siwela','COMS','COMS1018A','SM1','A','2020-06-30 00:00:00','ENROLLED',2),(538,2129411,'Sello','Ndlovu','COMS','COMS1018A','SM1','A','2020-06-30 00:00:00','ENROLLED',2),(539,2130279,'Sumairaa','Mahomed','COMS','COMS1018A','SM1','A','2020-06-30 00:00:00','ENROLLED',2),(540,2131765,'Keamogetswe','Majatladi','COMS','COMS1018A','SM1','A','2020-06-30 00:00:00','ENROLLED',2),(541,2139355,'Mthokozisi','Masango','COMS','COMS1018A','SM1','A','2020-06-30 00:00:00','ENROLLED',2),(542,2140615,'Thulasizwe','Sabela','COMS','COMS1018A','SM1','A','2020-06-30 00:00:00','ENROLLED',2),(543,2140880,'Ngoako','Makhurupetsi','COMS','COMS1018A','SM1','A','2020-06-30 00:00:00','ENROLLED',2),(544,2142086,'Katlego','Sponkane','COMS','COMS1018A','SM1','A','2020-06-30 00:00:00','ENROLLED',2),(545,2143195,'Sphesihle','Ntshingila','COMS','COMS1018A','SM1','A','2020-06-30 00:00:00','ENROLLED',2),(546,2143247,'Themba','Khanya','COMS','COMS1018A','SM1','A','2020-06-30 00:00:00','ENROLLED',2),(547,2162585,'Mila','Mhlana','COMS','COMS1018A','SM1','A','2020-06-30 00:00:00','ENROLLED',2),(548,2169997,'Jaden','Harris','COMS','COMS1018A','SM1','A','2020-06-30 00:00:00','ENROLLED',2),(549,2171305,'Kamogelo','Maponya','COMS','COMS1018A','SM1','A','2020-06-30 00:00:00','ENROLLED',2),(550,2173982,'Muziwandile','Mlambo','COMS','COMS1018A','SM1','A','2020-06-30 00:00:00','ENROLLED',2),(551,2176422,'Khomotso','Semono','COMS','COMS1018A','SM1','A','2020-06-30 00:00:00','ENROLLED',2),(552,2179008,'Kamogelo','Matheda','COMS','COMS1018A','SM1','A','2020-06-30 00:00:00','ENROLLED',2),(553,2179912,'Ntokozo','Mkhonza','COMS','COMS1018A','SM1','A','2020-06-30 00:00:00','ENROLLED',2),(554,2180958,'Lerato','Setsiba','COMS','COMS1018A','SM1','A','2020-06-30 00:00:00','ENROLLED',2),(555,2195312,'Akahlulwa','Dhlamini','COMS','COMS1018A','SM1','A','2020-06-30 00:00:00','ENROLLED',2),(556,2212483,'Kago','Motlhabani','COMS','COMS1018A','SM1','A','2020-06-30 00:00:00','ENROLLED',2),(557,2212961,'Ndivhuwo','Neswiswi','COMS','COMS1018A','SM1','A','2020-06-30 00:00:00','ENROLLED',2),(558,2215625,'Nature','Khosa','COMS','COMS1018A','SM1','A','2020-06-30 00:00:00','ENROLLED',2),(559,2274182,'Dienelle','Moodley','COMS','COMS1018A','SM1','A','2020-06-30 00:00:00','ENROLLED',2),(560,2265335,'Pamela','Segana','COMS','COMS1018A','SM1','A','2020-06-30 00:00:00','ENROLLED',2),(561,2276662,'Yehuda','Goldberg','COMS','COMS1018A','SM1','A','2020-06-30 00:00:00','ENROLLED',2),(562,2275253,'Adam','Gordon','COMS','COMS1018A','SM1','A','2020-06-30 00:00:00','ENROLLED',2),(563,2273145,'Mixo','Ngoveni','COMS','COMS1018A','SM1','A','2020-06-30 00:00:00','ENROLLED',2),(564,2274280,'Nkosingiphile','Shongwe','COMS','COMS1018A','SM1','A','2020-06-30 00:00:00','ENROLLED',2),(565,2302630,'Muhammed','Akoojee','COMS','COMS1018A','SM1','A','2020-06-30 00:00:00','ENROLLED',2),(566,2302891,'Wen Guan','Chen','COMS','COMS1018A','SM1','A','2020-06-30 00:00:00','ENROLLED',2),(567,2302997,'Dylan','Tjabring','COMS','COMS1018A','SM1','A','2020-06-30 00:00:00','ENROLLED',2),(568,2302998,'Darshan','Naidoo','COMS','COMS1018A','SM1','A','2020-06-30 00:00:00','ENROLLED',2),(569,2303145,'Mandla','Chavarika','COMS','COMS1018A','SM1','A','2020-06-30 00:00:00','ENROLLED',2),(570,2303289,'Damion','Harvey','COMS','COMS1018A','SM1','A','2020-06-30 00:00:00','ENROLLED',2),(571,2303400,'Christiaan','van der Merwe','COMS','COMS1018A','SM1','A','2020-06-30 00:00:00','ENROLLED',2),(572,2304141,'Zainab','Manack','COMS','COMS1018A','SM1','A','2020-06-30 00:00:00','ENROLLED',2),(573,2304291,'Neo','Masebe','COMS','COMS1018A','SM1','A','2020-06-30 00:00:00','ENROLLED',2),(574,2304453,'Richard','Sims','COMS','COMS1018A','SM1','A','2020-06-30 00:00:00','ENROLLED',2),(575,2304772,'Ndivho','Nemakhavhani','COMS','COMS1018A','SM1','A','2020-06-30 00:00:00','ENROLLED',2),(576,2304788,'Leboa','Monyolo','COMS','COMS1018A','SM1','A','2020-06-30 00:00:00','ENROLLED',2),(577,2304903,'Liam','Carstens','COMS','COMS1018A','SM1','A','2020-06-30 00:00:00','ENROLLED',2),(578,2304942,'Jared','McCallum','COMS','COMS1018A','SM1','A','2020-06-30 00:00:00','ENROLLED',2),(579,2305171,'Bryan','Zikhayi','COMS','COMS1018A','SM1','A','2020-06-30 00:00:00','ENROLLED',2),(580,2305277,'Socrati','Balassis','COMS','COMS1018A','SM1','A','2020-06-30 00:00:00','ENROLLED',2),(581,2305614,'Miguel','Torres','COMS','COMS1018A','SM1','A','2020-06-30 00:00:00','ENROLLED',2),(582,2305631,'Lerusha','Munien','COMS','COMS1018A','SM1','A','2020-06-30 00:00:00','ENROLLED',2),(583,2306091,'Trevarn','Govender','COMS','COMS1018A','SM1','A','2020-06-30 00:00:00','ENROLLED',2),(584,2306862,'Sibusiso','Mbonani','COMS','COMS1018A','SM1','A','2020-06-30 00:00:00','ENROLLED',2),(585,2307294,'Sibusiso','Mfana','COMS','COMS1018A','SM1','A','2020-06-30 00:00:00','ENROLLED',2),(586,2307519,'Rifumo','Ngobeni','COMS','COMS1018A','SM1','A','2020-06-30 00:00:00','ENROLLED',2),(587,2307767,'Thapelo','Seletisha','COMS','COMS1018A','SM1','A','2020-06-30 00:00:00','ENROLLED',2),(588,2307935,'Kian','Reddy','COMS','COMS1018A','SM1','A','2020-06-30 00:00:00','ENROLLED',2),(589,2307945,'Salmaan','Suliman','COMS','COMS1018A','SM1','A','2020-06-30 00:00:00','ENROLLED',2),(590,2308402,'Navin','Philip','COMS','COMS1018A','SM1','A','2020-06-30 00:00:00','ENROLLED',2),(591,2308493,'Tshegofatso','Mosupi','COMS','COMS1018A','SM1','A','2020-06-30 00:00:00','ENROLLED',2),(592,2308515,'Gcinasonke','Ludidi','COMS','COMS1018A','SM1','A','2020-06-30 00:00:00','ENROLLED',2),(593,2308854,'Anderson','Moyo','COMS','COMS1018A','SM1','A','2020-06-30 00:00:00','ENROLLED',2),(594,2308951,'Leslie','Fabishilaki','COMS','COMS1018A','SM1','A','2020-06-30 00:00:00','ENROLLED',2),(595,2309297,'Humaira','Moosa','COMS','COMS1018A','SM1','A','2020-06-30 00:00:00','ENROLLED',2),(596,2309309,'Catherine','Hall','COMS','COMS1018A','SM1','A','2020-06-30 00:00:00','ENROLLED',2),(597,2309514,'Christopher','Stocken','COMS','COMS1018A','SM1','A','2020-06-30 00:00:00','ENROLLED',2),(598,2309547,'Udorilwela','Ratshikhopha','COMS','COMS1018A','SM1','A','2020-06-30 00:00:00','ENROLLED',2),(599,2310212,'Gerald','Mukumba','COMS','COMS1018A','SM1','A','2020-06-30 00:00:00','ENROLLED',2),(600,2312052,'Mosis','Mdlalose','COMS','COMS1018A','SM1','A','2020-06-30 00:00:00','ENROLLED',2),(601,2312213,'Devesh','Jeaven','COMS','COMS1018A','SM1','A','2020-06-30 00:00:00','ENROLLED',2),(602,2312654,'Lindokuhle','Mngomezulu','COMS','COMS1018A','SM1','A','2020-06-30 00:00:00','ENROLLED',2),(603,2312836,'Ama','Commey','COMS','COMS1018A','SM1','A','2020-06-30 00:00:00','ENROLLED',2),(604,2313456,'Enoch','Chandayengerwa','COMS','COMS1018A','SM1','A','2020-06-30 00:00:00','ENROLLED',2),(605,2313903,'Chad','Rayd','COMS','COMS1018A','SM1','A','2020-06-30 00:00:00','ENROLLED',2),(606,2318252,'Mohumutsi','Makhalemele','COMS','COMS1018A','SM1','A','2020-06-30 00:00:00','ENROLLED',2),(607,2319572,'Rushil','Vallabh','COMS','COMS1018A','SM1','A','2020-06-30 00:00:00','ENROLLED',2),(608,2320357,'Aalok','Telukdarie','COMS','COMS1018A','SM1','A','2020-06-30 00:00:00','ENROLLED',2),(609,2320387,'Muhammad','Suder','COMS','COMS1018A','SM1','A','2020-06-30 00:00:00','ENROLLED',2),(610,2320690,'Katlego','Kungoane','COMS','COMS1018A','SM1','A','2020-06-30 00:00:00','ENROLLED',2),(611,2320701,'Ntokozo','Xaba','COMS','COMS1018A','SM1','A','2020-06-30 00:00:00','ENROLLED',2),(612,2321186,'Dumisani','Zwane','COMS','COMS1018A','SM1','A','2020-06-30 00:00:00','ENROLLED',2),(613,2321316,'Laylaa','Varachia','COMS','COMS1018A','SM1','A','2020-06-30 00:00:00','ENROLLED',2),(614,2321326,'Yasira','Dedat','COMS','COMS1018A','SM1','A','2020-06-30 00:00:00','ENROLLED',2),(615,2321672,'Peter','Williams','COMS','COMS1018A','SM1','A','2020-06-30 00:00:00','ENROLLED',2),(616,2322203,'Raees','Ebrahim Moosa','COMS','COMS1018A','SM1','A','2020-06-30 00:00:00','ENROLLED',2),(617,2322257,'Sekapa','Kekana','COMS','COMS1018A','SM1','A','2020-06-30 00:00:00','ENROLLED',2),(618,2322471,'Kamohelo','Motloung','COMS','COMS1018A','SM1','A','2020-06-30 00:00:00','ENROLLED',2),(619,2322765,'Yusuf','Varachhia','COMS','COMS1018A','SM1','A','2020-06-30 00:00:00','ENROLLED',2),(620,2322970,'Michael','le Forestier','COMS','COMS1018A','SM1','A','2020-06-30 00:00:00','ENROLLED',2),(621,2323126,'Nqobile','Maseko','COMS','COMS1018A','SM1','A','2020-06-30 00:00:00','ENROLLED',2),(622,2323871,'Bafana','Mahlangu','COMS','COMS1018A','SM1','A','2020-06-30 00:00:00','ENROLLED',2),(623,2323965,'Chukwuebuka','Okafor','COMS','COMS1018A','SM1','A','2020-06-30 00:00:00','ENROLLED',2),(624,2325436,'Khoabane','Skhoabane','COMS','COMS1018A','SM1','A','2020-06-30 00:00:00','ENROLLED',2),(625,2325467,'Mohamed','Razak','COMS','COMS1018A','SM1','A','2020-06-30 00:00:00','ENROLLED',2),(626,2325529,'Reece','Williamson','COMS','COMS1018A','SM1','A','2020-06-30 00:00:00','ENROLLED',2),(627,2326144,'Amanda','Simayi','COMS','COMS1018A','SM1','A','2020-06-30 00:00:00','ENROLLED',2),(628,2326165,'Phindile','Khumalo','COMS','COMS1018A','SM1','A','2020-06-30 00:00:00','ENROLLED',2),(629,2326254,'Musawenkosi','Gumpu','COMS','COMS1018A','SM1','A','2020-06-30 00:00:00','ENROLLED',2),(630,2326705,'Melusi','Ntuli','COMS','COMS1018A','SM1','A','2020-06-30 00:00:00','ENROLLED',2),(631,2326687,'Desireè','Moeletsi','COMS','COMS1018A','SM1','A','2020-06-30 00:00:00','ENROLLED',2),(632,2327097,'Wasim','Rahiman','COMS','COMS1018A','SM1','A','2020-06-30 00:00:00','ENROLLED',2),(633,2327425,'Charity','Mokwena','COMS','COMS1018A','SM1','A','2020-06-30 00:00:00','ENROLLED',2),(634,2327679,'Mosa','Kibe','COMS','COMS1018A','SM1','A','2020-06-30 00:00:00','ENROLLED',2),(635,2327793,'Tshepang','Modukanelo','COMS','COMS1018A','SM1','A','2020-06-30 00:00:00','ENROLLED',2),(636,2327853,'Oratile','Nailana','COMS','COMS1018A','SM1','A','2020-06-30 00:00:00','ENROLLED',2),(637,2328033,'Takunda','Danha','COMS','COMS1018A','SM1','A','2020-06-30 00:00:00','ENROLLED',2),(638,2328165,'Dineo','Mohlatlole','COMS','COMS1018A','SM1','A','2020-06-30 00:00:00','ENROLLED',2),(639,2328322,'Shanice','Radhalal','COMS','COMS1018A','SM1','A','2020-06-30 00:00:00','ENROLLED',2),(640,2329106,'Mandisa','Ncobo','COMS','COMS1018A','SM1','A','2020-06-30 00:00:00','ENROLLED',2),(641,2329224,'Atiyya','Hoosain','COMS','COMS1018A','SM1','A','2020-06-30 00:00:00','ENROLLED',2),(642,2329751,'Motheo','Tsirwe','COMS','COMS1018A','SM1','A','2020-06-30 00:00:00','ENROLLED',2),(643,2329787,'Mzamo','Mkhonto','COMS','COMS1018A','SM1','A','2020-06-30 00:00:00','ENROLLED',2),(644,2329802,'Tshepo','Thubakgale','COMS','COMS1018A','SM1','A','2020-06-30 00:00:00','ENROLLED',2),(645,2329919,'Teboho','Molise','COMS','COMS1018A','SM1','A','2020-06-30 00:00:00','ENROLLED',2),(646,2329933,'Funeka','Machangaza','COMS','COMS1018A','SM1','A','2020-06-30 00:00:00','ENROLLED',2),(647,2330145,'Deeptanshu','Das','COMS','COMS1018A','SM1','A','2020-06-30 00:00:00','ENROLLED',2),(648,2330223,'Yandisa','Maphanga','COMS','COMS1018A','SM1','A','2020-06-30 00:00:00','ENROLLED',2),(649,2330845,'Mancoba','Ngwenya','COMS','COMS1018A','SM1','A','2020-06-30 00:00:00','ENROLLED',2),(650,2331182,'Lwazi','Hlatshwayo','COMS','COMS1018A','SM1','A','2020-06-30 00:00:00','ENROLLED',2),(651,2331909,'Bright','Mabaso','COMS','COMS1018A','SM1','A','2020-06-30 00:00:00','ENROLLED',2),(652,2332030,'Karabo','Maila','COMS','COMS1018A','SM1','A','2020-06-30 00:00:00','ENROLLED',2),(653,2332113,'Kleinboy','Mthimunye','COMS','COMS1018A','SM1','A','2020-06-30 00:00:00','ENROLLED',2),(654,2332155,'Tao','Yuan','COMS','COMS1018A','SM1','A','2020-06-30 00:00:00','ENROLLED',2),(655,2332271,'Mohammed','Patel','COMS','COMS1018A','SM1','A','2020-06-30 00:00:00','ENROLLED',2),(656,2332386,'Paballo','Moyo','COMS','COMS1018A','SM1','A','2020-06-30 00:00:00','ENROLLED',2),(657,2332600,'Prince','Dlomo','COMS','COMS1018A','SM1','A','2020-06-30 00:00:00','ENROLLED',2),(658,2332763,'Troy','du Plooy','COMS','COMS1018A','SM1','A','2020-06-30 00:00:00','ENROLLED',2),(659,2332853,'Luciano','Meixieira','COMS','COMS1018A','SM1','A','2020-06-30 00:00:00','ENROLLED',2),(660,2333060,'Ibrahim','Akoonjee','COMS','COMS1018A','SM1','A','2020-06-30 00:00:00','ENROLLED',2),(661,2333263,'Lior','Becker','COMS','COMS1018A','SM1','A','2020-06-30 00:00:00','ENROLLED',2),(662,2333265,'Thato','Theko','COMS','COMS1018A','SM1','A','2020-06-30 00:00:00','ENROLLED',2),(663,2333605,'Troy','Coetzer','COMS','COMS1018A','SM1','A','2020-06-30 00:00:00','ENROLLED',2),(664,2333776,'Matthew','Mopeloa','COMS','COMS1018A','SM1','A','2020-06-30 00:00:00','ENROLLED',2),(665,2335499,'Lebohang','Mofokeng','COMS','COMS1018A','SM1','A','2020-06-30 00:00:00','ENROLLED',2),(666,2336392,'Akhil','Sivepershad','COMS','COMS1018A','SM1','A','2020-06-30 00:00:00','ENROLLED',2),(667,2336524,'Thato','Senoamadi','COMS','COMS1018A','SM1','A','2020-06-30 00:00:00','ENROLLED',2),(668,2337994,'Ebenezer','Gelo','COMS','COMS1018A','SM1','A','2020-06-30 00:00:00','ENROLLED',2),(669,2339083,'Machuene','Mahladisa','COMS','COMS1018A','SM1','A','2020-06-30 00:00:00','ENROLLED',2),(670,2339279,'Mikhail','Chirkoot','COMS','COMS1018A','SM1','A','2020-06-30 00:00:00','ENROLLED',2),(671,2340814,'Thandolwethu','Ncane','COMS','COMS1018A','SM1','A','2020-06-30 00:00:00','ENROLLED',2),(672,2340899,'Letsoba','Mabe','COMS','COMS1018A','SM1','A','2020-06-30 00:00:00','ENROLLED',2),(673,2340912,'Siba','Dlamini','COMS','COMS1018A','SM1','A','2020-06-30 00:00:00','ENROLLED',2),(674,2340955,'Zukisa','Moto','COMS','COMS1018A','SM1','A','2020-06-30 00:00:00','ENROLLED',2),(675,2341088,'Juliah','Masemola','COMS','COMS1018A','SM1','A','2020-06-30 00:00:00','ENROLLED',2),(676,2341144,'Onkarabetse','Malebadi','COMS','COMS1018A','SM1','A','2020-06-30 00:00:00','ENROLLED',2),(677,2341162,'Puseletso','Nakana','COMS','COMS1018A','SM1','A','2020-06-30 00:00:00','ENROLLED',2),(678,2341603,'Tsholofelo','Chabalala','COMS','COMS1018A','SM1','A','2020-06-30 00:00:00','ENROLLED',2),(679,2341675,'Sharika','Kanti Narsing','COMS','COMS1018A','SM1','A','2020-06-30 00:00:00','ENROLLED',2),(680,2342393,'Karabo','Sepuru','COMS','COMS1018A','SM1','A','2020-06-30 00:00:00','ENROLLED',2),(681,2343495,'Lesego','Moshe','COMS','COMS1018A','SM1','A','2020-06-30 00:00:00','ENROLLED',2),(682,2343876,'Ofentse','Madumo','COMS','COMS1018A','SM1','A','2020-06-30 00:00:00','ENROLLED',2),(683,2344005,'Rebekah','van Wyk','COMS','COMS1018A','SM1','A','2020-06-30 00:00:00','ENROLLED',2),(684,2344160,'Siphokazi','Magagula','COMS','COMS1018A','SM1','A','2020-06-30 00:00:00','ENROLLED',2),(685,2344175,'Phezile','Bhengu','COMS','COMS1018A','SM1','A','2020-06-30 00:00:00','ENROLLED',2),(686,2344271,'Philasande','Ndlovu','COMS','COMS1018A','SM1','A','2020-06-30 00:00:00','ENROLLED',2),(687,2344401,'Rashay','Daya','COMS','COMS1018A','SM1','A','2020-06-30 00:00:00','ENROLLED',2),(688,2344404,'Snenhlanhla','Mazibuko','COMS','COMS1018A','SM1','A','2020-06-30 00:00:00','ENROLLED',2),(689,2344461,'Mandilakhe','Deyi','COMS','COMS1018A','SM1','A','2020-06-30 00:00:00','ENROLLED',2),(690,2344635,'Mahomed','Patel','COMS','COMS1018A','SM1','A','2020-06-30 00:00:00','ENROLLED',2),(691,2344696,'Harshan','Pillay','COMS','COMS1018A','SM1','A','2020-06-30 00:00:00','ENROLLED',2),(692,2344817,'Ramathibe Sheron','Makola','COMS','COMS1018A','SM1','A','2020-06-30 00:00:00','ENROLLED',2),(693,2345106,'Angela','Nkosi','COMS','COMS1018A','SM1','A','2020-06-30 00:00:00','ENROLLED',2),(694,2345174,'Siyabulela','Zulu','COMS','COMS1018A','SM1','A','2020-06-30 00:00:00','ENROLLED',2),(695,2345362,'Reece','Lazarus','COMS','COMS1018A','SM1','A','2020-06-30 00:00:00','ENROLLED',2),(696,2346439,'Tyrone','Aaron','COMS','COMS1018A','SM1','A','2020-06-30 00:00:00','ENROLLED',2),(697,2346332,'Rufaro','Ndhlovu','COMS','COMS1018A','SM1','A','2020-06-30 00:00:00','ENROLLED',2),(698,2346955,'Kgomotso','Mosenyegi','COMS','COMS1018A','SM1','A','2020-06-30 00:00:00','ENROLLED',2),(699,2347284,'Sihle','Mthembu','COMS','COMS1018A','SM1','A','2020-06-30 00:00:00','ENROLLED',2),(700,2347423,'Thabile','Radebe','COMS','COMS1018A','SM1','A','2020-06-30 00:00:00','ENROLLED',2),(701,2347477,'Thuto','Mogomotsi','COMS','COMS1018A','SM1','A','2020-06-30 00:00:00','ENROLLED',2),(702,2347926,'Sicelwesihle','Myeza','COMS','COMS1018A','SM1','A','2020-06-30 00:00:00','ENROLLED',2),(703,2348030,'Zukiswa','Seboto','COMS','COMS1018A','SM1','A','2020-06-30 00:00:00','ENROLLED',2),(704,2348515,'Kiaran','Reddy','COMS','COMS1018A','SM1','A','2020-06-30 00:00:00','ENROLLED',2),(705,2348538,'Zwiswa','Muridili','COMS','COMS1018A','SM1','A','2020-06-30 00:00:00','ENROLLED',2),(706,2350177,'Jody','Boulton','COMS','COMS1018A','SM1','A','2020-06-30 00:00:00','ENROLLED',2),(707,2350760,'Connel','Manhica','COMS','COMS1018A','SM1','A','2020-06-30 00:00:00','ENROLLED',2),(708,2350973,'Abigail','Naicker','COMS','COMS1018A','SM1','A','2020-06-30 00:00:00','ENROLLED',2),(709,2351863,'Malvin','Maina','COMS','COMS1018A','SM1','A','2020-06-30 00:00:00','ENROLLED',2),(710,2352695,'Tshepiso','Mahoko','COMS','COMS1018A','SM1','A','2020-06-30 00:00:00','ENROLLED',2),(711,2352737,'Ripfumelo','Pilusa','COMS','COMS1018A','SM1','A','2020-06-30 00:00:00','ENROLLED',2),(712,2353321,'Husnaa','Mohamed','COMS','COMS1018A','SM1','A','2020-06-30 00:00:00','ENROLLED',2),(713,2353785,'Duran','Reddy','COMS','COMS1018A','SM1','A','2020-06-30 00:00:00','ENROLLED',2),(714,2353805,'Dharmik','Bhoora','COMS','COMS1018A','SM1','A','2020-06-30 00:00:00','ENROLLED',2),(715,2355285,'Lindokuhle','Mabena','COMS','COMS1018A','SM1','A','2020-06-30 00:00:00','ENROLLED',2),(716,2355348,'David','Kamanga','COMS','COMS1018A','SM1','A','2020-06-30 00:00:00','ENROLLED',2),(717,2356115,'Justin','Knopfmacher','COMS','COMS1018A','SM1','A','2020-06-30 00:00:00','ENROLLED',2),(718,2356315,'Tamryn','Smith','COMS','COMS1018A','SM1','A','2020-06-30 00:00:00','ENROLLED',2),(719,2356619,'Romeo','Mangena','COMS','COMS1018A','SM1','A','2020-06-30 00:00:00','ENROLLED',2),(720,2356823,'Stuart','Groves','COMS','COMS1018A','SM1','A','2020-06-30 00:00:00','ENROLLED',2),(721,2357067,'Mayibongwe','Zwane','COMS','COMS1018A','SM1','A','2020-06-30 00:00:00','ENROLLED',2),(722,2357310,'Okuhle','Qina','COMS','COMS1018A','SM1','A','2020-06-30 00:00:00','ENROLLED',2),(723,2357929,'Save','Nekhwalivhe','COMS','COMS1018A','SM1','A','2020-06-30 00:00:00','ENROLLED',2),(724,2358144,'Siphiwe','Motavhatsinde','COMS','COMS1018A','SM1','A','2020-06-30 00:00:00','ENROLLED',2),(725,2358458,'Diyashan','Moodliar','COMS','COMS1018A','SM1','A','2020-06-30 00:00:00','ENROLLED',2),(726,2358894,'Yoshailen','Michael','COMS','COMS1018A','SM1','A','2020-06-30 00:00:00','ENROLLED',2),(727,2359027,'Zwavhudi','Munarini','COMS','COMS1018A','SM1','A','2020-06-30 00:00:00','ENROLLED',2),(728,2359325,'Aaqib','Khan','COMS','COMS1018A','SM1','A','2020-06-30 00:00:00','ENROLLED',2),(729,2359391,'Sethogola','Lebotsa','COMS','COMS1018A','SM1','A','2020-06-30 00:00:00','ENROLLED',2),(730,2359474,'Pfunzo Gift','Ratshikuni','COMS','COMS1018A','SM1','A','2020-06-30 00:00:00','ENROLLED',2),(731,2359816,'Mbongeni','Mahlangu','COMS','COMS1018A','SM1','A','2020-06-30 00:00:00','ENROLLED',2),(732,2359998,'Onwabile','Matolo','COMS','COMS1018A','SM1','A','2020-06-30 00:00:00','ENROLLED',2),(733,2360113,'Kamogelo','Mohloba','COMS','COMS1018A','SM1','A','2020-06-30 00:00:00','ENROLLED',2),(734,2360385,'Nduduzo','Shoba','COMS','COMS1018A','SM1','A','2020-06-30 00:00:00','ENROLLED',2),(735,2360871,'Mlungisi','Mbuyisa','COMS','COMS1018A','SM1','A','2020-06-30 00:00:00','ENROLLED',2),(736,2361379,'Nephadi','Mthanti','COMS','COMS1018A','SM1','A','2020-06-30 00:00:00','ENROLLED',2),(737,2361852,'Katleho','Mokoena','COMS','COMS1018A','SM1','A','2020-06-30 00:00:00','ENROLLED',2),(738,2362018,'Asavela','Zibobo','COMS','COMS1018A','SM1','A','2020-06-30 00:00:00','ENROLLED',2),(739,2362190,'Prosper','Mambambo','COMS','COMS1018A','SM1','A','2020-06-30 00:00:00','ENROLLED',2),(740,2362907,'Hewitt','Nyambalo','COMS','COMS1018A','SM1','A','2020-06-30 00:00:00','ENROLLED',2),(741,2363474,'Perseverance','Molefe','COMS','COMS1018A','SM1','A','2020-06-30 00:00:00','ENROLLED',2),(742,2364754,'Thabelo','Majika','COMS','COMS1018A','SM1','A','2020-06-30 00:00:00','ENROLLED',2),(743,2365220,'Muhammed','Seedat','COMS','COMS1018A','SM1','A','2020-06-30 00:00:00','ENROLLED',2),(744,2365346,'Siphesihle','Mthethwa','COMS','COMS1018A','SM1','A','2020-06-30 00:00:00','ENROLLED',2),(745,2365854,'Khuthadzo','Manwadu','COMS','COMS1018A','SM1','A','2020-06-30 00:00:00','ENROLLED',2),(746,2366532,'Akshay','Makhan','COMS','COMS1018A','SM1','A','2020-06-30 00:00:00','ENROLLED',2),(747,2366821,'Asithandile','Ludonga','COMS','COMS1018A','SM1','A','2020-06-30 00:00:00','ENROLLED',2),(748,2366855,'Thato','Makena','COMS','COMS1018A','SM1','A','2020-06-30 00:00:00','ENROLLED',2),(749,2366898,'George','Msuya','COMS','COMS1018A','SM1','A','2020-06-30 00:00:00','ENROLLED',2),(750,2367275,'Realeboga','Totonyane','COMS','COMS1018A','SM1','A','2020-06-30 00:00:00','ENROLLED',2),(751,2368841,'Jeremy','Stott','COMS','COMS1018A','SM1','A','2020-06-30 00:00:00','ENROLLED',2),(752,2368936,'Handsome','Mbokane','COMS','COMS1018A','SM1','A','2020-06-30 00:00:00','ENROLLED',2),(753,2368911,'Thabang','Mazibuko','COMS','COMS1018A','SM1','A','2020-06-30 00:00:00','ENROLLED',2),(754,2369301,'Nkanyiso','Ndlovu','COMS','COMS1018A','SM1','A','2020-06-30 00:00:00','ENROLLED',2),(755,2369543,'Lereko','Phomane','COMS','COMS1018A','SM1','A','2020-06-30 00:00:00','ENROLLED',2),(756,2369718,'Tiisetso','Mojalefa','COMS','COMS1018A','SM1','A','2020-06-30 00:00:00','ENROLLED',2),(757,2369904,'Bongani','Mputi','COMS','COMS1018A','SM1','A','2020-06-30 00:00:00','ENROLLED',2),(758,2370742,'Tebogo','Mawela','COMS','COMS1018A','SM1','A','2020-06-30 00:00:00','ENROLLED',2),(759,2370743,'Linda','Langa','COMS','COMS1018A','SM1','A','2020-06-30 00:00:00','ENROLLED',2),(760,2370896,'Darian','Soobramoney','COMS','COMS1018A','SM1','A','2020-06-30 00:00:00','ENROLLED',2),(761,2371593,'Oratile','Seala','COMS','COMS1018A','SM1','A','2020-06-30 00:00:00','ENROLLED',2),(762,2371948,'Ramogari','Gabuse','COMS','COMS1018A','SM1','A','2020-06-30 00:00:00','ENROLLED',2),(763,2372393,'Mohamedayaz','Shaikh','COMS','COMS1018A','SM1','A','2020-06-30 00:00:00','ENROLLED',2),(764,2372571,'Ntsika','Ntontela','COMS','COMS1018A','SM1','A','2020-06-30 00:00:00','ENROLLED',2),(765,2372728,'Palesa','Dhlamini','COMS','COMS1018A','SM1','A','2020-06-30 00:00:00','ENROLLED',2),(766,2372750,'Masibulele','Mthethwa','COMS','COMS1018A','SM1','A','2020-06-30 00:00:00','ENROLLED',2),(767,2373880,'Nontsikelelo','Wittes','COMS','COMS1018A','SM1','A','2020-06-30 00:00:00','ENROLLED',2),(768,2374094,'Chulumanco','Sololo','COMS','COMS1018A','SM1','A','2020-06-30 00:00:00','ENROLLED',2),(769,2374622,'Buhle','Dloko','COMS','COMS1018A','SM1','A','2020-06-30 00:00:00','ENROLLED',2),(770,2374784,'West','Johns','COMS','COMS1018A','SM1','A','2020-06-30 00:00:00','ENROLLED',2),(771,2374896,'Verushan','Naidoo','COMS','COMS1018A','SM1','A','2020-06-30 00:00:00','ENROLLED',2),(772,2375656,'Kgomotso','Nacane','COMS','COMS1018A','SM1','A','2020-06-30 00:00:00','ENROLLED',2),(773,2375736,'Nkosinathi','Chuma','COMS','COMS1018A','SM1','A','2020-06-30 00:00:00','ENROLLED',2),(774,2377280,'Samukelo','Moagi','COMS','COMS1018A','SM1','A','2020-06-30 00:00:00','ENROLLED',2),(775,2377795,'Michael','Coker','COMS','COMS1018A','SM1','A','2020-06-30 00:00:00','ENROLLED',2),(776,2377848,'Gabriel','Nkole','COMS','COMS1018A','SM1','A','2020-06-30 00:00:00','ENROLLED',2),(777,2378240,'Thokozani','Tase','COMS','COMS1018A','SM1','A','2020-06-30 00:00:00','ENROLLED',2),(778,2378290,'Sheneeq','Daniels','COMS','COMS1018A','SM1','A','2020-06-30 00:00:00','ENROLLED',2),(779,2378687,'Lupa','Martins','COMS','COMS1018A','SM1','A','2020-06-30 00:00:00','ENROLLED',2),(780,2380447,'Fisha','Isaac','COMS','COMS1018A','SM1','A','2020-06-30 00:00:00','ENROLLED',2),(781,2380664,'Lisa','Jafta','COMS','COMS1018A','SM1','A','2020-06-30 00:00:00','ENROLLED',2),(782,2380912,'Alexandros','Papademetriou','COMS','COMS1018A','SM1','A','2020-06-30 00:00:00','ENROLLED',2),(783,2381410,'Given','Mathebula','COMS','COMS1018A','SM1','A','2020-06-30 00:00:00','ENROLLED',2),(784,2381623,'Sepinare','Mokhotsoa','COMS','COMS1018A','SM1','A','2020-06-30 00:00:00','ENROLLED',2),(785,2381764,'Fabien','Chiotti','COMS','COMS1018A','SM1','A','2020-06-30 00:00:00','ENROLLED',2),(786,2382670,'Sange','Cossie','COMS','COMS1018A','SM1','A','2020-06-30 00:00:00','ENROLLED',2),(787,2383111,'Nonhlanhla','Zwane','COMS','COMS1018A','SM1','A','2020-06-30 00:00:00','ENROLLED',2),(788,2383824,'Kgopotso','Masela','COMS','COMS1018A','SM1','A','2020-06-30 00:00:00','ENROLLED',2),(789,2385852,'Menelisi','Mkhize','COMS','COMS1018A','SM1','A','2020-06-30 00:00:00','ENROLLED',2),(790,2386326,'Mmeli','Mpondo','COMS','COMS1018A','SM1','A','2020-06-30 00:00:00','ENROLLED',2),(791,2387923,'Kwandile','Mgenge','COMS','COMS1018A','SM1','A','2020-06-30 00:00:00','ENROLLED',2),(792,2389191,'Yusuf','Lorgat','COMS','COMS1018A','SM1','A','2020-06-30 00:00:00','ENROLLED',2),(793,2392798,'Siphephelo','Ntuli','COMS','COMS1018A','SM1','A','2020-06-30 00:00:00','ENROLLED',2),(794,2392991,'Ciaran','Otter','COMS','COMS1018A','SM1','A','2020-06-30 00:00:00','ENROLLED',2),(795,2393033,'Michaela','Klug','COMS','COMS1018A','SM1','A','2020-06-30 00:00:00','ENROLLED',2),(796,2393339,'Kabeya','Furaha','COMS','COMS1018A','SM1','A','2020-06-30 00:00:00','ENROLLED',2),(797,2393358,'Sizwe','Sithole','COMS','COMS1018A','SM1','A','2020-06-30 00:00:00','ENROLLED',2),(798,2393984,'Amanda','Shabane','COMS','COMS1018A','SM1','A','2020-06-30 00:00:00','ENROLLED',2),(799,2394377,'Nhlonipho','Mkhaliphi','COMS','COMS1018A','SM1','A','2020-06-30 00:00:00','ENROLLED',2),(800,2394911,'Thabani','Ngwenya','COMS','COMS1018A','SM1','A','2020-06-30 00:00:00','ENROLLED',2),(801,2395453,'Gregory','Cowan','COMS','COMS1018A','SM1','A','2020-06-30 00:00:00','ENROLLED',2),(802,2398339,'Tasneem','Francisco','COMS','COMS1018A','SM1','A','2020-06-30 00:00:00','ENROLLED',2),(803,2399605,'Joshua','Ward','COMS','COMS1018A','SM1','A','2020-06-30 00:00:00','ENROLLED',2),(804,2399780,'Luvo','Goli','COMS','COMS1018A','SM1','A','2020-06-30 00:00:00','ENROLLED',2),(805,2400674,'Nomasondo','Baloyi','COMS','COMS1018A','SM1','A','2020-06-30 00:00:00','ENROLLED',2),(806,2420656,'Benjamin','Servant','COMS','COMS1018A','SM1','A','2020-06-30 00:00:00','ENROLLED',2),(807,710178,'Nokuthaba','Moyo','COMS','COMS1015A','SM1','A','2020-06-30 00:00:00','ENROLLED',1),(808,1054399,'Mandlakhe','Nxumalo','COMS','COMS1015A','SM1','A','2020-06-30 00:00:00','ENROLLED',1),(809,1054468,'Palesa','Khoali','COMS','COMS1015A','SM1','A','2020-06-30 00:00:00','ENROLLED',1),(810,1112786,'Karabo','Thema','COMS','COMS1015A','SM1','A','2020-06-30 00:00:00','ENROLLED',1),(811,1137655,'Goitsemodimo','Modise','COMS','COMS1015A','SM1','A','2020-06-30 00:00:00','ENROLLED',1),(812,1387892,'Keean','Mitchell','COMS','COMS1015A','SM1','A','2020-06-30 00:00:00','ENROLLED',1),(813,1406705,'Thabang','Mashabela','COMS','COMS1015A','SM1','A','2020-06-30 00:00:00','ENROLLED',1),(814,1441283,'Motlalekhotso','Maema','COMS','COMS1015A','SM1','A','2020-06-30 00:00:00','ENROLLED',1),(815,1601812,'Jia-Xin','Gao','COMS','COMS1015A','SM1','A','2020-06-30 00:00:00','ENROLLED',1),(816,1608780,'Leandra','Brits','COMS','COMS1015A','SM1','A','2020-06-30 00:00:00','ENROLLED',1),(817,1612094,'Lizl','van Jaarsveld','COMS','COMS1015A','SM1','A','2020-06-30 00:00:00','ENROLLED',1),(818,1613637,'Cebolenkosi','Dlamini','COMS','COMS1015A','SM1','A','2020-06-30 00:00:00','ENROLLED',1),(819,1645918,'Lebohang','Makale','COMS','COMS1015A','SM1','A','2020-06-30 00:00:00','ENROLLED',1),(820,1763063,'Khotsofalang','Tsunyane','COMS','COMS1015A','SM1','A','2020-06-30 00:00:00','ENROLLED',1),(821,1828282,'Mohammed','Ally','COMS','COMS1015A','SM1','A','2020-06-30 00:00:00','ENROLLED',1),(822,1836672,'Patience','Mbanga','COMS','COMS1015A','SM1','A','2020-06-30 00:00:00','ENROLLED',1),(823,1837459,'Yasser','Hassen','COMS','COMS1015A','SM1','A','2020-06-30 00:00:00','ENROLLED',1),(824,1839188,'Tshepang','Zim','COMS','COMS1015A','SM1','A','2020-06-30 00:00:00','ENROLLED',1),(825,1841535,'Aharon','Grossberg','COMS','COMS1015A','SM1','A','2020-06-30 00:00:00','ENROLLED',1),(826,1843138,'Matthew','Loo','COMS','COMS1015A','SM1','A','2020-06-30 00:00:00','ENROLLED',1),(827,1845347,'Zagesh','Parshotam','COMS','COMS1015A','SM1','A','2020-06-30 00:00:00','ENROLLED',1),(828,1848312,'Emmanuel','Mwandla','COMS','COMS1015A','SM1','A','2020-06-30 00:00:00','ENROLLED',1),(829,1866853,'Theurgy','Mashaba','COMS','COMS1015A','SM1','A','2020-06-30 00:00:00','ENROLLED',1),(830,1878410,'Aaliyah','Lowton','COMS','COMS1015A','SM1','A','2020-06-30 00:00:00','ENROLLED',1),(831,1884606,'Lerato','Sibane','COMS','COMS1015A','SM1','A','2020-06-30 00:00:00','ENROLLED',1),(832,1914752,'Zidan','Cassim','COMS','COMS1015A','SM1','A','2020-06-30 00:00:00','ENROLLED',1),(833,1917511,'Liso','Tabata','COMS','COMS1015A','SM1','A','2020-06-30 00:00:00','ENROLLED',1),(834,1925774,'Senzo','Mhlelembana','COMS','COMS1015A','SM1','A','2020-06-30 00:00:00','ENROLLED',1),(835,1928716,'Sifiso','Sompa','COMS','COMS1015A','SM1','A','2020-06-30 00:00:00','ENROLLED',1),(836,2088850,'Koketso','Ramokhubathi','COMS','COMS1015A','SM1','A','2020-06-30 00:00:00','ENROLLED',1),(837,2089920,'Atif','Rai-Khan','COMS','COMS1015A','SM1','A','2020-06-30 00:00:00','ENROLLED',1),(838,2090868,'Tahseen','Mithagare','COMS','COMS1015A','SM1','A','2020-06-30 00:00:00','ENROLLED',1),(839,2091172,'Ndiwanga','Masengani','COMS','COMS1015A','SM1','A','2020-06-30 00:00:00','ENROLLED',1),(840,2092064,'Ongeziwe','Gomoshe','COMS','COMS1015A','SM1','A','2020-06-30 00:00:00','ENROLLED',1),(841,2094425,'Khwatsi','Maluleke','COMS','COMS1015A','SM1','A','2020-06-30 00:00:00','ENROLLED',1),(842,2095614,'Rudzani','Marole','COMS','COMS1015A','SM1','A','2020-06-30 00:00:00','ENROLLED',1),(843,2096330,'Riot','Ndlovu','COMS','COMS1015A','SM1','A','2020-06-30 00:00:00','ENROLLED',1),(844,2103472,'Caitlin','Nxumalo','COMS','COMS1015A','SM1','A','2020-06-30 00:00:00','ENROLLED',1),(845,2107007,'Fatima','Essa','COMS','COMS1015A','SM1','A','2020-06-30 00:00:00','ENROLLED',1),(846,2107168,'Smriti','Lall','COMS','COMS1015A','SM1','A','2020-06-30 00:00:00','ENROLLED',1),(847,2108730,'Justin','Moodley','COMS','COMS1015A','SM1','A','2020-06-30 00:00:00','ENROLLED',1),(848,2110056,'Abdullah','Laher','COMS','COMS1015A','SM1','A','2020-06-30 00:00:00','ENROLLED',1),(849,2110898,'Thisra','Pillay','COMS','COMS1015A','SM1','A','2020-06-30 00:00:00','ENROLLED',1),(850,2113525,'Brian','Makhubele','COMS','COMS1015A','SM1','A','2020-06-30 00:00:00','ENROLLED',1),(851,2113798,'Mphulane','Hlapisi','COMS','COMS1015A','SM1','A','2020-06-30 00:00:00','ENROLLED',1),(852,2115719,'Boipelo','Thabane','COMS','COMS1015A','SM1','A','2020-06-30 00:00:00','ENROLLED',1),(853,2116029,'Catherine','Ryan','COMS','COMS1015A','SM1','A','2020-06-30 00:00:00','ENROLLED',1),(854,2117125,'Ndivhuwo','Davhula','COMS','COMS1015A','SM1','A','2020-06-30 00:00:00','ENROLLED',1),(855,2118993,'Lingedzani','Rampamba','COMS','COMS1015A','SM1','A','2020-06-30 00:00:00','ENROLLED',1),(856,2125969,'Yolando','Qalazive','COMS','COMS1015A','SM1','A','2020-06-30 00:00:00','ENROLLED',1),(857,2126182,'Mulanga','Sibeli','COMS','COMS1015A','SM1','A','2020-06-30 00:00:00','ENROLLED',1),(858,2126218,'Ntuthuko','Makhuthe','COMS','COMS1015A','SM1','A','2020-06-30 00:00:00','ENROLLED',1),(859,2128727,'Amicent','Siwela','COMS','COMS1015A','SM1','A','2020-06-30 00:00:00','ENROLLED',1),(860,2129411,'Sello','Ndlovu','COMS','COMS1015A','SM1','A','2020-06-30 00:00:00','ENROLLED',1),(861,2130279,'Sumairaa','Mahomed','COMS','COMS1015A','SM1','A','2020-06-30 00:00:00','ENROLLED',1),(862,2131765,'Keamogetswe','Majatladi','COMS','COMS1015A','SM1','A','2020-06-30 00:00:00','ENROLLED',1),(863,2139355,'Mthokozisi','Masango','COMS','COMS1015A','SM1','A','2020-06-30 00:00:00','ENROLLED',1),(864,2140615,'Thulasizwe','Sabela','COMS','COMS1015A','SM1','A','2020-06-30 00:00:00','ENROLLED',1),(865,2143195,'Sphesihle','Ntshingila','COMS','COMS1015A','SM1','A','2020-06-30 00:00:00','ENROLLED',1),(866,2143247,'Themba','Khanya','COMS','COMS1015A','SM1','A','2020-06-30 00:00:00','ENROLLED',1),(867,2169997,'Jaden','Harris','COMS','COMS1015A','SM1','A','2020-06-30 00:00:00','ENROLLED',1),(868,2171305,'Kamogelo','Maponya','COMS','COMS1015A','SM1','A','2020-06-30 00:00:00','ENROLLED',1),(869,2173982,'Muziwandile','Mlambo','COMS','COMS1015A','SM1','A','2020-06-30 00:00:00','ENROLLED',1),(870,2176422,'Khomotso','Semono','COMS','COMS1015A','SM1','A','2020-06-30 00:00:00','ENROLLED',1),(871,2179008,'Kamogelo','Matheda','COMS','COMS1015A','SM1','A','2020-06-30 00:00:00','ENROLLED',1),(872,2179912,'Ntokozo','Mkhonza','COMS','COMS1015A','SM1','A','2020-06-30 00:00:00','ENROLLED',1),(873,2180958,'Lerato','Setsiba','COMS','COMS1015A','SM1','A','2020-06-30 00:00:00','ENROLLED',1),(874,2195312,'Akahlulwa','Dhlamini','COMS','COMS1015A','SM1','A','2020-06-30 00:00:00','ENROLLED',1),(875,2212483,'Kago','Motlhabani','COMS','COMS1015A','SM1','A','2020-06-30 00:00:00','ENROLLED',1),(876,2212961,'Ndivhuwo','Neswiswi','COMS','COMS1015A','SM1','A','2020-06-30 00:00:00','ENROLLED',1),(877,2274182,'Dienelle','Moodley','COMS','COMS1015A','SM1','A','2020-06-30 00:00:00','ENROLLED',1),(878,2265335,'Pamela','Segana','COMS','COMS1015A','SM1','A','2020-06-30 00:00:00','ENROLLED',1),(879,2276662,'Yehuda','Goldberg','COMS','COMS1015A','SM1','A','2020-06-30 00:00:00','ENROLLED',1),(880,2275253,'Adam','Gordon','COMS','COMS1015A','SM1','A','2020-06-30 00:00:00','ENROLLED',1),(881,2274280,'Nkosingiphile','Shongwe','COMS','COMS1015A','SM1','A','2020-06-30 00:00:00','ENROLLED',1),(882,2302630,'Muhammed','Akoojee','COMS','COMS1015A','SM1','A','2020-06-30 00:00:00','ENROLLED',1),(883,2302891,'Wen Guan','Chen','COMS','COMS1015A','SM1','A','2020-06-30 00:00:00','ENROLLED',1),(884,2302997,'Dylan','Tjabring','COMS','COMS1015A','SM1','A','2020-06-30 00:00:00','ENROLLED',1),(885,2302998,'Darshan','Naidoo','COMS','COMS1015A','SM1','A','2020-06-30 00:00:00','ENROLLED',1),(886,2303145,'Mandla','Chavarika','COMS','COMS1015A','SM1','A','2020-06-30 00:00:00','ENROLLED',1),(887,2303289,'Damion','Harvey','COMS','COMS1015A','SM1','A','2020-06-30 00:00:00','ENROLLED',1),(888,2303400,'Christiaan','van der Merwe','COMS','COMS1015A','SM1','A','2020-06-30 00:00:00','ENROLLED',1),(889,2304141,'Zainab','Manack','COMS','COMS1015A','SM1','A','2020-06-30 00:00:00','ENROLLED',1),(890,2304291,'Neo','Masebe','COMS','COMS1015A','SM1','A','2020-06-30 00:00:00','ENROLLED',1),(891,2304453,'Richard','Sims','COMS','COMS1015A','SM1','A','2020-06-30 00:00:00','ENROLLED',1),(892,2304772,'Ndivho','Nemakhavhani','COMS','COMS1015A','SM1','A','2020-06-30 00:00:00','ENROLLED',1),(893,2304788,'Leboa','Monyolo','COMS','COMS1015A','SM1','A','2020-06-30 00:00:00','ENROLLED',1),(894,2304903,'Liam','Carstens','COMS','COMS1015A','SM1','A','2020-06-30 00:00:00','ENROLLED',1),(895,2304942,'Jared','McCallum','COMS','COMS1015A','SM1','A','2020-06-30 00:00:00','ENROLLED',1),(896,2305171,'Bryan','Zikhayi','COMS','COMS1015A','SM1','A','2020-06-30 00:00:00','ENROLLED',1),(897,2305277,'Socrati','Balassis','COMS','COMS1015A','SM1','A','2020-06-30 00:00:00','ENROLLED',1),(898,2305614,'Miguel','Torres','COMS','COMS1015A','SM1','A','2020-06-30 00:00:00','ENROLLED',1),(899,2305631,'Lerusha','Munien','COMS','COMS1015A','SM1','A','2020-06-30 00:00:00','ENROLLED',1),(900,2306091,'Trevarn','Govender','COMS','COMS1015A','SM1','A','2020-06-30 00:00:00','ENROLLED',1),(901,2306862,'Sibusiso','Mbonani','COMS','COMS1015A','SM1','A','2020-06-30 00:00:00','ENROLLED',1),(902,2307294,'Sibusiso','Mfana','COMS','COMS1015A','SM1','A','2020-06-30 00:00:00','ENROLLED',1),(903,2307519,'Rifumo','Ngobeni','COMS','COMS1015A','SM1','A','2020-06-30 00:00:00','ENROLLED',1),(904,2307767,'Thapelo','Seletisha','COMS','COMS1015A','SM1','A','2020-06-30 00:00:00','ENROLLED',1),(905,2307935,'Kian','Reddy','COMS','COMS1015A','SM1','A','2020-06-30 00:00:00','ENROLLED',1),(906,2307945,'Salmaan','Suliman','COMS','COMS1015A','SM1','A','2020-06-30 00:00:00','ENROLLED',1),(907,2308402,'Navin','Philip','COMS','COMS1015A','SM1','A','2020-06-30 00:00:00','ENROLLED',1),(908,2308493,'Tshegofatso','Mosupi','COMS','COMS1015A','SM1','A','2020-06-30 00:00:00','ENROLLED',1),(909,2308515,'Gcinasonke','Ludidi','COMS','COMS1015A','SM1','A','2020-06-30 00:00:00','ENROLLED',1),(910,2308854,'Anderson','Moyo','COMS','COMS1015A','SM1','A','2020-06-30 00:00:00','ENROLLED',1),(911,2308951,'Leslie','Fabishilaki','COMS','COMS1015A','SM1','A','2020-06-30 00:00:00','ENROLLED',1),(912,2309297,'Humaira','Moosa','COMS','COMS1015A','SM1','A','2020-06-30 00:00:00','ENROLLED',1),(913,2309309,'Catherine','Hall','COMS','COMS1015A','SM1','A','2020-06-30 00:00:00','ENROLLED',1),(914,2309514,'Christopher','Stocken','COMS','COMS1015A','SM1','A','2020-06-30 00:00:00','ENROLLED',1),(915,2309547,'Udorilwela','Ratshikhopha','COMS','COMS1015A','SM1','A','2020-06-30 00:00:00','ENROLLED',1),(916,2310212,'Gerald','Mukumba','COMS','COMS1015A','SM1','A','2020-06-30 00:00:00','ENROLLED',1),(917,2312052,'Mosis','Mdlalose','COMS','COMS1015A','SM1','A','2020-06-30 00:00:00','ENROLLED',1),(918,2312213,'Devesh','Jeaven','COMS','COMS1015A','SM1','A','2020-06-30 00:00:00','ENROLLED',1),(919,2312654,'Lindokuhle','Mngomezulu','COMS','COMS1015A','SM1','A','2020-06-30 00:00:00','ENROLLED',1),(920,2312836,'Ama','Commey','COMS','COMS1015A','SM1','A','2020-06-30 00:00:00','ENROLLED',1),(921,2313456,'Enoch','Chandayengerwa','COMS','COMS1015A','SM1','A','2020-06-30 00:00:00','ENROLLED',1),(922,2313903,'Chad','Rayd','COMS','COMS1015A','SM1','A','2020-06-30 00:00:00','ENROLLED',1),(923,2318252,'Mohumutsi','Makhalemele','COMS','COMS1015A','SM1','A','2020-06-30 00:00:00','ENROLLED',1),(924,2319572,'Rushil','Vallabh','COMS','COMS1015A','SM1','A','2020-06-30 00:00:00','ENROLLED',1),(925,2320357,'Aalok','Telukdarie','COMS','COMS1015A','SM1','A','2020-06-30 00:00:00','ENROLLED',1),(926,2320387,'Muhammad','Suder','COMS','COMS1015A','SM1','A','2020-06-30 00:00:00','ENROLLED',1),(927,2320690,'Katlego','Kungoane','COMS','COMS1015A','SM1','A','2020-06-30 00:00:00','ENROLLED',1),(928,2320701,'Ntokozo','Xaba','COMS','COMS1015A','SM1','A','2020-06-30 00:00:00','ENROLLED',1),(929,2321186,'Dumisani','Zwane','COMS','COMS1015A','SM1','A','2020-06-30 00:00:00','ENROLLED',1),(930,2321316,'Laylaa','Varachia','COMS','COMS1015A','SM1','A','2020-06-30 00:00:00','ENROLLED',1),(931,2321326,'Yasira','Dedat','COMS','COMS1015A','SM1','A','2020-06-30 00:00:00','ENROLLED',1),(932,2321672,'Peter','Williams','COMS','COMS1015A','SM1','A','2020-06-30 00:00:00','ENROLLED',1),(933,2322203,'Raees','Ebrahim Moosa','COMS','COMS1015A','SM1','A','2020-06-30 00:00:00','ENROLLED',1),(934,2322257,'Sekapa','Kekana','COMS','COMS1015A','SM1','A','2020-06-30 00:00:00','ENROLLED',1),(935,2322471,'Kamohelo','Motloung','COMS','COMS1015A','SM1','A','2020-06-30 00:00:00','ENROLLED',1),(936,2322765,'Yusuf','Varachhia','COMS','COMS1015A','SM1','A','2020-06-30 00:00:00','ENROLLED',1),(937,2322970,'Michael','le Forestier','COMS','COMS1015A','SM1','A','2020-06-30 00:00:00','ENROLLED',1),(938,2323126,'Nqobile','Maseko','COMS','COMS1015A','SM1','A','2020-06-30 00:00:00','ENROLLED',1),(939,2323871,'Bafana','Mahlangu','COMS','COMS1015A','SM1','A','2020-06-30 00:00:00','ENROLLED',1),(940,2323965,'Chukwuebuka','Okafor','COMS','COMS1015A','SM1','A','2020-06-30 00:00:00','ENROLLED',1),(941,2325436,'Khoabane','Skhoabane','COMS','COMS1015A','SM1','A','2020-06-30 00:00:00','ENROLLED',1),(942,2325467,'Mohamed','Razak','COMS','COMS1015A','SM1','A','2020-06-30 00:00:00','ENROLLED',1),(943,2325529,'Reece','Williamson','COMS','COMS1015A','SM1','A','2020-06-30 00:00:00','ENROLLED',1),(944,2326144,'Amanda','Simayi','COMS','COMS1015A','SM1','A','2020-06-30 00:00:00','ENROLLED',1),(945,2326165,'Phindile','Khumalo','COMS','COMS1015A','SM1','A','2020-06-30 00:00:00','ENROLLED',1),(946,2326254,'Musawenkosi','Gumpu','COMS','COMS1015A','SM1','A','2020-06-30 00:00:00','ENROLLED',1),(947,2326705,'Melusi','Ntuli','COMS','COMS1015A','SM1','A','2020-06-30 00:00:00','ENROLLED',1),(948,2326687,'Desireè','Moeletsi','COMS','COMS1015A','SM1','A','2020-06-30 00:00:00','ENROLLED',1),(949,2327097,'Wasim','Rahiman','COMS','COMS1015A','SM1','A','2020-06-30 00:00:00','ENROLLED',1),(950,2327425,'Charity','Mokwena','COMS','COMS1015A','SM1','A','2020-06-30 00:00:00','ENROLLED',1),(951,2327679,'Mosa','Kibe','COMS','COMS1015A','SM1','A','2020-06-30 00:00:00','ENROLLED',1),(952,2327793,'Tshepang','Modukanelo','COMS','COMS1015A','SM1','A','2020-06-30 00:00:00','ENROLLED',1),(953,2327853,'Oratile','Nailana','COMS','COMS1015A','SM1','A','2020-06-30 00:00:00','ENROLLED',1),(954,2328033,'Takunda','Danha','COMS','COMS1015A','SM1','A','2020-06-30 00:00:00','ENROLLED',1),(955,2328165,'Dineo','Mohlatlole','COMS','COMS1015A','SM1','A','2020-06-30 00:00:00','ENROLLED',1),(956,2328322,'Shanice','Radhalal','COMS','COMS1015A','SM1','A','2020-06-30 00:00:00','ENROLLED',1),(957,2329106,'Mandisa','Ncobo','COMS','COMS1015A','SM1','A','2020-06-30 00:00:00','ENROLLED',1),(958,2329224,'Atiyya','Hoosain','COMS','COMS1015A','SM1','A','2020-06-30 00:00:00','ENROLLED',1),(959,2329751,'Motheo','Tsirwe','COMS','COMS1015A','SM1','A','2020-06-30 00:00:00','ENROLLED',1),(960,2329787,'Mzamo','Mkhonto','COMS','COMS1015A','SM1','A','2020-06-30 00:00:00','ENROLLED',1),(961,2329802,'Tshepo','Thubakgale','COMS','COMS1015A','SM1','A','2020-06-30 00:00:00','ENROLLED',1),(962,2329919,'Teboho','Molise','COMS','COMS1015A','SM1','A','2020-06-30 00:00:00','ENROLLED',1),(963,2329933,'Funeka','Machangaza','COMS','COMS1015A','SM1','A','2020-06-30 00:00:00','ENROLLED',1),(964,2330145,'Deeptanshu','Das','COMS','COMS1015A','SM1','A','2020-06-30 00:00:00','ENROLLED',1),(965,2330223,'Yandisa','Maphanga','COMS','COMS1015A','SM1','A','2020-06-30 00:00:00','ENROLLED',1),(966,2330845,'Mancoba','Ngwenya','COMS','COMS1015A','SM1','A','2020-06-30 00:00:00','ENROLLED',1),(967,2331182,'Lwazi','Hlatshwayo','COMS','COMS1015A','SM1','A','2020-06-30 00:00:00','ENROLLED',1),(968,2331909,'Bright','Mabaso','COMS','COMS1015A','SM1','A','2020-06-30 00:00:00','ENROLLED',1),(969,2332030,'Karabo','Maila','COMS','COMS1015A','SM1','A','2020-06-30 00:00:00','ENROLLED',1),(970,2332113,'Kleinboy','Mthimunye','COMS','COMS1015A','SM1','A','2020-06-30 00:00:00','ENROLLED',1),(971,2332155,'Tao','Yuan','COMS','COMS1015A','SM1','A','2020-06-30 00:00:00','ENROLLED',1),(972,2332271,'Mohammed','Patel','COMS','COMS1015A','SM1','A','2020-06-30 00:00:00','ENROLLED',1),(973,2332386,'Paballo','Moyo','COMS','COMS1015A','SM1','A','2020-06-30 00:00:00','ENROLLED',1),(974,2332600,'Prince','Dlomo','COMS','COMS1015A','SM1','A','2020-06-30 00:00:00','ENROLLED',1),(975,2332763,'Troy','du Plooy','COMS','COMS1015A','SM1','A','2020-06-30 00:00:00','ENROLLED',1),(976,2332853,'Luciano','Meixieira','COMS','COMS1015A','SM1','A','2020-06-30 00:00:00','ENROLLED',1),(977,2333060,'Ibrahim','Akoonjee','COMS','COMS1015A','SM1','A','2020-06-30 00:00:00','ENROLLED',1),(978,2333263,'Lior','Becker','COMS','COMS1015A','SM1','A','2020-06-30 00:00:00','ENROLLED',1),(979,2333265,'Thato','Theko','COMS','COMS1015A','SM1','A','2020-06-30 00:00:00','ENROLLED',1),(980,2333605,'Troy','Coetzer','COMS','COMS1015A','SM1','A','2020-06-30 00:00:00','ENROLLED',1),(981,2333776,'Matthew','Mopeloa','COMS','COMS1015A','SM1','A','2020-06-30 00:00:00','ENROLLED',1),(982,2335499,'Lebohang','Mofokeng','COMS','COMS1015A','SM1','A','2020-06-30 00:00:00','ENROLLED',1),(983,2336392,'Akhil','Sivepershad','COMS','COMS1015A','SM1','A','2020-06-30 00:00:00','ENROLLED',1),(984,2336524,'Thato','Senoamadi','COMS','COMS1015A','SM1','A','2020-06-30 00:00:00','ENROLLED',1),(985,2337994,'Ebenezer','Gelo','COMS','COMS1015A','SM1','A','2020-06-30 00:00:00','ENROLLED',1),(986,2339083,'Machuene','Mahladisa','COMS','COMS1015A','SM1','A','2020-06-30 00:00:00','ENROLLED',1),(987,2339279,'Mikhail','Chirkoot','COMS','COMS1015A','SM1','A','2020-06-30 00:00:00','ENROLLED',1),(988,2340814,'Thandolwethu','Ncane','COMS','COMS1015A','SM1','A','2020-06-30 00:00:00','ENROLLED',1),(989,2340899,'Letsoba','Mabe','COMS','COMS1015A','SM1','A','2020-06-30 00:00:00','ENROLLED',1),(990,2340912,'Siba','Dlamini','COMS','COMS1015A','SM1','A','2020-06-30 00:00:00','ENROLLED',1),(991,2340955,'Zukisa','Moto','COMS','COMS1015A','SM1','A','2020-06-30 00:00:00','ENROLLED',1),(992,2341088,'Juliah','Masemola','COMS','COMS1015A','SM1','A','2020-06-30 00:00:00','ENROLLED',1),(993,2341144,'Onkarabetse','Malebadi','COMS','COMS1015A','SM1','A','2020-06-30 00:00:00','ENROLLED',1),(994,2341162,'Puseletso','Nakana','COMS','COMS1015A','SM1','A','2020-06-30 00:00:00','ENROLLED',1),(995,2341603,'Tsholofelo','Chabalala','COMS','COMS1015A','SM1','A','2020-06-30 00:00:00','ENROLLED',1),(996,2341675,'Sharika','Kanti Narsing','COMS','COMS1015A','SM1','A','2020-06-30 00:00:00','ENROLLED',1),(997,2342393,'Karabo','Sepuru','COMS','COMS1015A','SM1','A','2020-06-30 00:00:00','ENROLLED',1),(998,2343495,'Lesego','Moshe','COMS','COMS1015A','SM1','A','2020-06-30 00:00:00','ENROLLED',1),(999,2343876,'Ofentse','Madumo','COMS','COMS1015A','SM1','A','2020-06-30 00:00:00','ENROLLED',1),(1000,2344005,'Rebekah','van Wyk','COMS','COMS1015A','SM1','A','2020-06-30 00:00:00','ENROLLED',1),(1001,2344160,'Siphokazi','Magagula','COMS','COMS1015A','SM1','A','2020-06-30 00:00:00','ENROLLED',1),(1002,2344175,'Phezile','Bhengu','COMS','COMS1015A','SM1','A','2020-06-30 00:00:00','ENROLLED',1),(1003,2344271,'Philasande','Ndlovu','COMS','COMS1015A','SM1','A','2020-06-30 00:00:00','ENROLLED',1),(1004,2344401,'Rashay','Daya','COMS','COMS1015A','SM1','A','2020-06-30 00:00:00','ENROLLED',1),(1005,2344404,'Snenhlanhla','Mazibuko','COMS','COMS1015A','SM1','A','2020-06-30 00:00:00','ENROLLED',1),(1006,2344461,'Mandilakhe','Deyi','COMS','COMS1015A','SM1','A','2020-06-30 00:00:00','ENROLLED',1),(1007,2344635,'Mahomed','Patel','COMS','COMS1015A','SM1','A','2020-06-30 00:00:00','ENROLLED',1),(1008,2344696,'Harshan','Pillay','COMS','COMS1015A','SM1','A','2020-06-30 00:00:00','ENROLLED',1),(1009,2344817,'Ramathibe Sheron','Makola','COMS','COMS1015A','SM1','A','2020-06-30 00:00:00','ENROLLED',1),(1010,2345106,'Angela','Nkosi','COMS','COMS1015A','SM1','A','2020-06-30 00:00:00','ENROLLED',1),(1011,2345174,'Siyabulela','Zulu','COMS','COMS1015A','SM1','A','2020-06-30 00:00:00','ENROLLED',1),(1012,2345362,'Reece','Lazarus','COMS','COMS1015A','SM1','A','2020-06-30 00:00:00','ENROLLED',1),(1013,2346439,'Tyrone','Aaron','COMS','COMS1015A','SM1','A','2020-06-30 00:00:00','ENROLLED',1),(1014,2346332,'Rufaro','Ndhlovu','COMS','COMS1015A','SM1','A','2020-06-30 00:00:00','ENROLLED',1),(1015,2346955,'Kgomotso','Mosenyegi','COMS','COMS1015A','SM1','A','2020-06-30 00:00:00','ENROLLED',1),(1016,2347284,'Sihle','Mthembu','COMS','COMS1015A','SM1','A','2020-06-30 00:00:00','ENROLLED',1),(1017,2347423,'Thabile','Radebe','COMS','COMS1015A','SM1','A','2020-06-30 00:00:00','ENROLLED',1),(1018,2347477,'Thuto','Mogomotsi','COMS','COMS1015A','SM1','A','2020-06-30 00:00:00','ENROLLED',1),(1019,2347926,'Sicelwesihle','Myeza','COMS','COMS1015A','SM1','A','2020-06-30 00:00:00','ENROLLED',1),(1020,2348030,'Zukiswa','Seboto','COMS','COMS1015A','SM1','A','2020-06-30 00:00:00','ENROLLED',1),(1021,2348515,'Kiaran','Reddy','COMS','COMS1015A','SM1','A','2020-06-30 00:00:00','ENROLLED',1),(1022,2348538,'Zwiswa','Muridili','COMS','COMS1015A','SM1','A','2020-06-30 00:00:00','ENROLLED',1),(1023,2350177,'Jody','Boulton','COMS','COMS1015A','SM1','A','2020-06-30 00:00:00','ENROLLED',1),(1024,2350760,'Connel','Manhica','COMS','COMS1015A','SM1','A','2020-06-30 00:00:00','ENROLLED',1),(1025,2350973,'Abigail','Naicker','COMS','COMS1015A','SM1','A','2020-06-30 00:00:00','ENROLLED',1),(1026,2351863,'Malvin','Maina','COMS','COMS1015A','SM1','A','2020-06-30 00:00:00','ENROLLED',1),(1027,2352695,'Tshepiso','Mahoko','COMS','COMS1015A','SM1','A','2020-06-30 00:00:00','ENROLLED',1),(1028,2352737,'Ripfumelo','Pilusa','COMS','COMS1015A','SM1','A','2020-06-30 00:00:00','ENROLLED',1),(1029,2353321,'Husnaa','Mohamed','COMS','COMS1015A','SM1','A','2020-06-30 00:00:00','ENROLLED',1),(1030,2353785,'Duran','Reddy','COMS','COMS1015A','SM1','A','2020-06-30 00:00:00','ENROLLED',1),(1031,2353805,'Dharmik','Bhoora','COMS','COMS1015A','SM1','A','2020-06-30 00:00:00','ENROLLED',1),(1032,2355285,'Lindokuhle','Mabena','COMS','COMS1015A','SM1','A','2020-06-30 00:00:00','ENROLLED',1),(1033,2355348,'David','Kamanga','COMS','COMS1015A','SM1','A','2020-06-30 00:00:00','ENROLLED',1),(1034,2356115,'Justin','Knopfmacher','COMS','COMS1015A','SM1','A','2020-06-30 00:00:00','ENROLLED',1),(1035,2356315,'Tamryn','Smith','COMS','COMS1015A','SM1','A','2020-06-30 00:00:00','ENROLLED',1),(1036,2356619,'Romeo','Mangena','COMS','COMS1015A','SM1','A','2020-06-30 00:00:00','ENROLLED',1),(1037,2356823,'Stuart','Groves','COMS','COMS1015A','SM1','A','2020-06-30 00:00:00','ENROLLED',1),(1038,2357067,'Mayibongwe','Zwane','COMS','COMS1015A','SM1','A','2020-06-30 00:00:00','ENROLLED',1),(1039,2357310,'Okuhle','Qina','COMS','COMS1015A','SM1','A','2020-06-30 00:00:00','ENROLLED',1),(1040,2357929,'Save','Nekhwalivhe','COMS','COMS1015A','SM1','A','2020-06-30 00:00:00','ENROLLED',1),(1041,2358144,'Siphiwe','Motavhatsinde','COMS','COMS1015A','SM1','A','2020-06-30 00:00:00','ENROLLED',1),(1042,2358458,'Diyashan','Moodliar','COMS','COMS1015A','SM1','A','2020-06-30 00:00:00','ENROLLED',1),(1043,2358894,'Yoshailen','Michael','COMS','COMS1015A','SM1','A','2020-06-30 00:00:00','ENROLLED',1),(1044,2359027,'Zwavhudi','Munarini','COMS','COMS1015A','SM1','A','2020-06-30 00:00:00','ENROLLED',1),(1045,2359325,'Aaqib','Khan','COMS','COMS1015A','SM1','A','2020-06-30 00:00:00','ENROLLED',1),(1046,2359391,'Sethogola','Lebotsa','COMS','COMS1015A','SM1','A','2020-06-30 00:00:00','ENROLLED',1),(1047,2359474,'Pfunzo Gift','Ratshikuni','COMS','COMS1015A','SM1','A','2020-06-30 00:00:00','ENROLLED',1),(1048,2359816,'Mbongeni','Mahlangu','COMS','COMS1015A','SM1','A','2020-06-30 00:00:00','ENROLLED',1),(1049,2359998,'Onwabile','Matolo','COMS','COMS1015A','SM1','A','2020-06-30 00:00:00','ENROLLED',1),(1050,2360113,'Kamogelo','Mohloba','COMS','COMS1015A','SM1','A','2020-06-30 00:00:00','ENROLLED',1),(1051,2360385,'Nduduzo','Shoba','COMS','COMS1015A','SM1','A','2020-06-30 00:00:00','ENROLLED',1),(1052,2360871,'Mlungisi','Mbuyisa','COMS','COMS1015A','SM1','A','2020-06-30 00:00:00','ENROLLED',1),(1053,2361379,'Nephadi','Mthanti','COMS','COMS1015A','SM1','A','2020-06-30 00:00:00','ENROLLED',1),(1054,2361852,'Katleho','Mokoena','COMS','COMS1015A','SM1','A','2020-06-30 00:00:00','ENROLLED',1),(1055,2362018,'Asavela','Zibobo','COMS','COMS1015A','SM1','A','2020-06-30 00:00:00','ENROLLED',1),(1056,2362190,'Prosper','Mambambo','COMS','COMS1015A','SM1','A','2020-06-30 00:00:00','ENROLLED',1),(1057,2362907,'Hewitt','Nyambalo','COMS','COMS1015A','SM1','A','2020-06-30 00:00:00','ENROLLED',1),(1058,2363474,'Perseverance','Molefe','COMS','COMS1015A','SM1','A','2020-06-30 00:00:00','ENROLLED',1),(1059,2364754,'Thabelo','Majika','COMS','COMS1015A','SM1','A','2020-06-30 00:00:00','ENROLLED',1),(1060,2365220,'Muhammed','Seedat','COMS','COMS1015A','SM1','A','2020-06-30 00:00:00','ENROLLED',1),(1061,2365346,'Siphesihle','Mthethwa','COMS','COMS1015A','SM1','A','2020-06-30 00:00:00','ENROLLED',1),(1062,2365854,'Khuthadzo','Manwadu','COMS','COMS1015A','SM1','A','2020-06-30 00:00:00','ENROLLED',1),(1063,2366532,'Akshay','Makhan','COMS','COMS1015A','SM1','A','2020-06-30 00:00:00','ENROLLED',1),(1064,2366821,'Asithandile','Ludonga','COMS','COMS1015A','SM1','A','2020-06-30 00:00:00','ENROLLED',1),(1065,2366855,'Thato','Makena','COMS','COMS1015A','SM1','A','2020-06-30 00:00:00','ENROLLED',1),(1066,2366898,'George','Msuya','COMS','COMS1015A','SM1','A','2020-06-30 00:00:00','ENROLLED',1),(1067,2367275,'Realeboga','Totonyane','COMS','COMS1015A','SM1','A','2020-06-30 00:00:00','ENROLLED',1),(1068,2368841,'Jeremy','Stott','COMS','COMS1015A','SM1','A','2020-06-30 00:00:00','ENROLLED',1),(1069,2368936,'Handsome','Mbokane','COMS','COMS1015A','SM1','A','2020-06-30 00:00:00','ENROLLED',1),(1070,2368911,'Thabang','Mazibuko','COMS','COMS1015A','SM1','A','2020-06-30 00:00:00','ENROLLED',1),(1071,2369301,'Nkanyiso','Ndlovu','COMS','COMS1015A','SM1','A','2020-06-30 00:00:00','ENROLLED',1),(1072,2369543,'Lereko','Phomane','COMS','COMS1015A','SM1','A','2020-06-30 00:00:00','ENROLLED',1),(1073,2369718,'Tiisetso','Mojalefa','COMS','COMS1015A','SM1','A','2020-06-30 00:00:00','ENROLLED',1),(1074,2369904,'Bongani','Mputi','COMS','COMS1015A','SM1','A','2020-06-30 00:00:00','ENROLLED',1),(1075,2370742,'Tebogo','Mawela','COMS','COMS1015A','SM1','A','2020-06-30 00:00:00','ENROLLED',1),(1076,2370743,'Linda','Langa','COMS','COMS1015A','SM1','A','2020-06-30 00:00:00','ENROLLED',1),(1077,2370896,'Darian','Soobramoney','COMS','COMS1015A','SM1','A','2020-06-30 00:00:00','ENROLLED',1),(1078,2371593,'Oratile','Seala','COMS','COMS1015A','SM1','A','2020-06-30 00:00:00','ENROLLED',1),(1079,2371948,'Ramogari','Gabuse','COMS','COMS1015A','SM1','A','2020-06-30 00:00:00','ENROLLED',1),(1080,2372393,'Mohamedayaz','Shaikh','COMS','COMS1015A','SM1','A','2020-06-30 00:00:00','ENROLLED',1),(1081,2372571,'Ntsika','Ntontela','COMS','COMS1015A','SM1','A','2020-06-30 00:00:00','ENROLLED',1),(1082,2372728,'Palesa','Dhlamini','COMS','COMS1015A','SM1','A','2020-06-30 00:00:00','ENROLLED',1),(1083,2372750,'Masibulele','Mthethwa','COMS','COMS1015A','SM1','A','2020-06-30 00:00:00','ENROLLED',1),(1084,2373880,'Nontsikelelo','Wittes','COMS','COMS1015A','SM1','A','2020-06-30 00:00:00','ENROLLED',1),(1085,2374094,'Chulumanco','Sololo','COMS','COMS1015A','SM1','A','2020-06-30 00:00:00','ENROLLED',1),(1086,2374622,'Buhle','Dloko','COMS','COMS1015A','SM1','A','2020-06-30 00:00:00','ENROLLED',1),(1087,2374784,'West','Johns','COMS','COMS1015A','SM1','A','2020-06-30 00:00:00','ENROLLED',1),(1088,2374896,'Verushan','Naidoo','COMS','COMS1015A','SM1','A','2020-06-30 00:00:00','ENROLLED',1),(1089,2375656,'Kgomotso','Nacane','COMS','COMS1015A','SM1','A','2020-06-30 00:00:00','ENROLLED',1),(1090,2375736,'Nkosinathi','Chuma','COMS','COMS1015A','SM1','A','2020-06-30 00:00:00','ENROLLED',1),(1091,2377280,'Samukelo','Moagi','COMS','COMS1015A','SM1','A','2020-06-30 00:00:00','ENROLLED',1),(1092,2377795,'Michael','Coker','COMS','COMS1015A','SM1','A','2020-06-30 00:00:00','ENROLLED',1),(1093,2377848,'Gabriel','Nkole','COMS','COMS1015A','SM1','A','2020-06-30 00:00:00','ENROLLED',1),(1094,2378240,'Thokozani','Tase','COMS','COMS1015A','SM1','A','2020-06-30 00:00:00','ENROLLED',1),(1095,2378290,'Sheneeq','Daniels','COMS','COMS1015A','SM1','A','2020-06-30 00:00:00','ENROLLED',1),(1096,2378687,'Lupa','Martins','COMS','COMS1015A','SM1','A','2020-06-30 00:00:00','ENROLLED',1),(1097,2380447,'Fisha','Isaac','COMS','COMS1015A','SM1','A','2020-06-30 00:00:00','ENROLLED',1),(1098,2380664,'Lisa','Jafta','COMS','COMS1015A','SM1','A','2020-06-30 00:00:00','ENROLLED',1),(1099,2380912,'Alexandros','Papademetriou','COMS','COMS1015A','SM1','A','2020-06-30 00:00:00','ENROLLED',1),(1100,2381410,'Given','Mathebula','COMS','COMS1015A','SM1','A','2020-06-30 00:00:00','ENROLLED',1),(1101,2381623,'Sepinare','Mokhotsoa','COMS','COMS1015A','SM1','A','2020-06-30 00:00:00','ENROLLED',1),(1102,2381764,'Fabien','Chiotti','COMS','COMS1015A','SM1','A','2020-06-30 00:00:00','ENROLLED',1),(1103,2382670,'Sange','Cossie','COMS','COMS1015A','SM1','A','2020-06-30 00:00:00','ENROLLED',1),(1104,2383111,'Nonhlanhla','Zwane','COMS','COMS1015A','SM1','A','2020-06-30 00:00:00','ENROLLED',1),(1105,2383824,'Kgopotso','Masela','COMS','COMS1015A','SM1','A','2020-06-30 00:00:00','ENROLLED',1),(1106,2385852,'Menelisi','Mkhize','COMS','COMS1015A','SM1','A','2020-06-30 00:00:00','ENROLLED',1),(1107,2386326,'Mmeli','Mpondo','COMS','COMS1015A','SM1','A','2020-06-30 00:00:00','ENROLLED',1),(1108,2387923,'Kwandile','Mgenge','COMS','COMS1015A','SM1','A','2020-06-30 00:00:00','ENROLLED',1),(1109,2389191,'Yusuf','Lorgat','COMS','COMS1015A','SM1','A','2020-06-30 00:00:00','ENROLLED',1),(1110,2392798,'Siphephelo','Ntuli','COMS','COMS1015A','SM1','A','2020-06-30 00:00:00','ENROLLED',1),(1111,2392991,'Ciaran','Otter','COMS','COMS1015A','SM1','A','2020-06-30 00:00:00','ENROLLED',1),(1112,2393033,'Michaela','Klug','COMS','COMS1015A','SM1','A','2020-06-30 00:00:00','ENROLLED',1),(1113,2393339,'Kabeya','Furaha','COMS','COMS1015A','SM1','A','2020-06-30 00:00:00','ENROLLED',1),(1114,2393358,'Sizwe','Sithole','COMS','COMS1015A','SM1','A','2020-06-30 00:00:00','ENROLLED',1),(1115,2393984,'Amanda','Shabane','COMS','COMS1015A','SM1','A','2020-06-30 00:00:00','ENROLLED',1),(1116,2394377,'Nhlonipho','Mkhaliphi','COMS','COMS1015A','SM1','A','2020-06-30 00:00:00','ENROLLED',1),(1117,2394911,'Thabani','Ngwenya','COMS','COMS1015A','SM1','A','2020-06-30 00:00:00','ENROLLED',1),(1118,2395453,'Gregory','Cowan','COMS','COMS1015A','SM1','A','2020-06-30 00:00:00','ENROLLED',1),(1119,2398339,'Tasneem','Francisco','COMS','COMS1015A','SM1','A','2020-06-30 00:00:00','ENROLLED',1),(1120,2399605,'Joshua','Ward','COMS','COMS1015A','SM1','A','2020-06-30 00:00:00','ENROLLED',1),(1121,2399780,'Luvo','Goli','COMS','COMS1015A','SM1','A','2020-06-30 00:00:00','ENROLLED',1),(1122,2400674,'Nomasondo','Baloyi','COMS','COMS1015A','SM1','A','2020-06-30 00:00:00','ENROLLED',1),(1123,2420656,'Benjamin','Servant','COMS','COMS1015A','SM1','A','2020-06-30 00:00:00','ENROLLED',1),(1124,1353881,'Linda','Hasi','COMS','COMS2013A','SM1','B','2020-06-30 00:00:00','ENROLLED',3),(1125,1445435,'Moshito','Makgakga','COMS','COMS2013A','SM1','B','2020-06-30 00:00:00','ENROLLED',3),(1126,1448771,'Talion','Naidoo','COMS','COMS2013A','SM1','B','2020-06-30 00:00:00','ENROLLED',3),(1127,1484097,'Sibabalwe','Zingitwa','COMS','COMS2013A','SM1','B','2020-06-30 00:00:00','ENROLLED',3),(1128,1597838,'Jemma','Sundelson','COMS','COMS2013A','SM1','B','2020-06-30 00:00:00','ENROLLED',3),(1129,1600076,'Ureeshah','Moodley','COMS','COMS2013A','SM1','B','2020-06-30 00:00:00','ENROLLED',3),(1130,1605062,'Tshegofatso','Mphahlele','COMS','COMS2013A','SM1','B','2020-06-30 00:00:00','ENROLLED',3),(1131,1611957,'Mayibongwe','Bafoly','COMS','COMS2013A','SM1','B','2020-06-30 00:00:00','ENROLLED',3),(1132,1619413,'Jordan','Van Zyl','COMS','COMS2013A','SM1','B','2020-06-30 00:00:00','ENROLLED',3),(1133,1635648,'Anushka','Monema','COMS','COMS2013A','SM1','B','2020-06-30 00:00:00','ENROLLED',3),(1134,1636376,'Sesona','Maraxaba','COMS','COMS2013A','SM1','B','2020-06-30 00:00:00','ENROLLED',3),(1135,1663980,'Kyle','Chan Some','COMS','COMS2013A','SM1','B','2020-06-30 00:00:00','ENROLLED',3),(1136,1671848,'Fankholoro','Sebothoma','COMS','COMS2013A','SM1','B','2020-06-30 00:00:00','ENROLLED',3),(1137,1690083,'Daniel','Christodoulou','COMS','COMS2013A','SM1','B','2020-06-30 00:00:00','ENROLLED',3),(1138,1760829,'Xin','Nian','COMS','COMS2013A','SM1','B','2020-06-30 00:00:00','ENROLLED',3),(1139,1816904,'Ntwanano','Rikhotso','COMS','COMS2013A','SM1','B','2020-06-30 00:00:00','ENROLLED',3),(1140,1822471,'Thibello','Khaile','COMS','COMS2013A','SM1','B','2020-06-30 00:00:00','ENROLLED',3),(1141,1825462,'Mologadi','Chuene','COMS','COMS2013A','SM1','B','2020-06-30 00:00:00','ENROLLED',3),(1142,1825548,'Nihal','Seegobin','COMS','COMS2013A','SM1','B','2020-06-30 00:00:00','ENROLLED',3),(1143,1827456,'Bianco','Van Der Ross','COMS','COMS2013A','SM1','B','2020-06-30 00:00:00','ENROLLED',3),(1144,1827555,'Yaseen','Haffejee','COMS','COMS2013A','SM1','B','2020-06-30 00:00:00','ENROLLED',3),(1145,1828251,'Ziyaad','Ballim','COMS','COMS2013A','SM1','B','2020-06-30 00:00:00','ENROLLED',3),(1146,1828559,'Nthabiseng','Mabetlela','COMS','COMS2013A','SM1','B','2020-06-30 00:00:00','ENROLLED',3),(1147,1832460,'Taeisha','Nundlall','COMS','COMS2013A','SM1','B','2020-06-30 00:00:00','ENROLLED',3),(1148,1832967,'Kgotso','Moshoeshoe','COMS','COMS2013A','SM1','B','2020-06-30 00:00:00','ENROLLED',3),(1149,1833561,'Panashe','Muzuva','COMS','COMS2013A','SM1','B','2020-06-30 00:00:00','ENROLLED',3),(1150,1835917,'Tshenolo','Seduma','COMS','COMS2013A','SM1','B','2020-06-30 00:00:00','ENROLLED',3),(1151,1843066,'Amen','Moipushi','COMS','COMS2013A','SM1','B','2020-06-30 00:00:00','ENROLLED',3),(1152,1843718,'Mervynn','Shoko','COMS','COMS2013A','SM1','B','2020-06-30 00:00:00','ENROLLED',3),(1153,1844471,'Revash','Govender','COMS','COMS2013A','SM1','B','2020-06-30 00:00:00','ENROLLED',3),(1154,1846377,'Ntsika','Mabe','COMS','COMS2013A','SM1','B','2020-06-30 00:00:00','ENROLLED',3),(1155,1846385,'Talha','Minhas','COMS','COMS2013A','SM1','B','2020-06-30 00:00:00','ENROLLED',3),(1156,1846579,'Gudani','Makumbane','COMS','COMS2013A','SM1','B','2020-06-30 00:00:00','ENROLLED',3),(1157,1846871,'Christopher','Walley','COMS','COMS2013A','SM1','B','2020-06-30 00:00:00','ENROLLED',3),(1158,1847192,'Kagiso','Mabaso','COMS','COMS2013A','SM1','B','2020-06-30 00:00:00','ENROLLED',3),(1159,1847313,'Previn','Govender','COMS','COMS2013A','SM1','B','2020-06-30 00:00:00','ENROLLED',3),(1160,1847799,'Khanani','Mathebula','COMS','COMS2013A','SM1','B','2020-06-30 00:00:00','ENROLLED',3),(1161,1848679,'Olwethu','Goniwe','COMS','COMS2013A','SM1','B','2020-06-30 00:00:00','ENROLLED',3),(1162,1848739,'Phola','Bavuma','COMS','COMS2013A','SM1','B','2020-06-30 00:00:00','ENROLLED',3),(1163,1849734,'Taelo','Malatji','COMS','COMS2013A','SM1','B','2020-06-30 00:00:00','ENROLLED',3),(1164,1851427,'Ntiyiso','Mushwana','COMS','COMS2013A','SM1','B','2020-06-30 00:00:00','ENROLLED',3),(1165,1852151,'Naazni','Jagdew','COMS','COMS2013A','SM1','B','2020-06-30 00:00:00','ENROLLED',3),(1166,1852684,'Michael','De Carvalho','COMS','COMS2013A','SM1','B','2020-06-30 00:00:00','ENROLLED',3),(1167,1853035,'Ompha','Mudau','COMS','COMS2013A','SM1','B','2020-06-30 00:00:00','ENROLLED',3),(1168,1853416,'Kineta','Padiachee','COMS','COMS2013A','SM1','B','2020-06-30 00:00:00','ENROLLED',3),(1169,1854457,'Anri','Pienaar','COMS','COMS2013A','SM1','B','2020-06-30 00:00:00','ENROLLED',3),(1170,1854776,'Kagiso','Modisha','COMS','COMS2013A','SM1','B','2020-06-30 00:00:00','ENROLLED',3),(1171,1856080,'Rumbidzai','Moyo','COMS','COMS2013A','SM1','B','2020-06-30 00:00:00','ENROLLED',3),(1172,1856286,'Sbabalwe','Roux','COMS','COMS2013A','SM1','B','2020-06-30 00:00:00','ENROLLED',3),(1173,1859136,'Masego','Gwili','COMS','COMS2013A','SM1','B','2020-06-30 00:00:00','ENROLLED',3),(1174,1860320,'Mmasechaba','Mohlala','COMS','COMS2013A','SM1','B','2020-06-30 00:00:00','ENROLLED',3),(1175,1860312,'Athuli','Ntintili','COMS','COMS2013A','SM1','B','2020-06-30 00:00:00','ENROLLED',3),(1176,1862081,'Thabiso','Kobe','COMS','COMS2013A','SM1','B','2020-06-30 00:00:00','ENROLLED',3),(1177,1864133,'Donovan','Makate','COMS','COMS2013A','SM1','B','2020-06-30 00:00:00','ENROLLED',3),(1178,1864549,'Mankweyane','Mokgapa','COMS','COMS2013A','SM1','B','2020-06-30 00:00:00','ENROLLED',3),(1179,1864691,'Tristen','Haverly','COMS','COMS2013A','SM1','B','2020-06-30 00:00:00','ENROLLED',3),(1180,1866305,'Naledi','Moseki','COMS','COMS2013A','SM1','B','2020-06-30 00:00:00','ENROLLED',3),(1181,1866965,'Nhlakanipho','Radebe','COMS','COMS2013A','SM1','B','2020-06-30 00:00:00','ENROLLED',3),(1182,1870175,'Amatullah','Mthethwa','COMS','COMS2013A','SM1','B','2020-06-30 00:00:00','ENROLLED',3),(1183,1870833,'Aharon','Cohen','COMS','COMS2013A','SM1','B','2020-06-30 00:00:00','ENROLLED',3),(1184,1871892,'Umair','Bham','COMS','COMS2013A','SM1','B','2020-06-30 00:00:00','ENROLLED',3),(1185,1874376,'Lehlohonolo','Moloi','COMS','COMS2013A','SM1','B','2020-06-30 00:00:00','ENROLLED',3),(1186,1875399,'Netthias','Banda','COMS','COMS2013A','SM1','B','2020-06-30 00:00:00','ENROLLED',3),(1187,1875489,'Hlogonofatso','Mokoena','COMS','COMS2013A','SM1','B','2020-06-30 00:00:00','ENROLLED',3),(1188,1876010,'Koena','Lamola','COMS','COMS2013A','SM1','B','2020-06-30 00:00:00','ENROLLED',3),(1189,1876080,'Bhavik','Govan','COMS','COMS2013A','SM1','B','2020-06-30 00:00:00','ENROLLED',3),(1190,1878352,'Themba','Xaba','COMS','COMS2013A','SM1','B','2020-06-30 00:00:00','ENROLLED',3),(1191,1882766,'Vutlhari','Hlungwane','COMS','COMS2013A','SM1','B','2020-06-30 00:00:00','ENROLLED',3),(1192,1884059,'Othniel','Ngobeni','COMS','COMS2013A','SM1','B','2020-06-30 00:00:00','ENROLLED',3),(1193,1886537,'Caroline','Khwerana','COMS','COMS2013A','SM1','B','2020-06-30 00:00:00','ENROLLED',3),(1194,1892449,'Bhekinkosi','Ncube','COMS','COMS2013A','SM1','B','2020-06-30 00:00:00','ENROLLED',3),(1195,1898593,'Delisa','Dlamini','COMS','COMS2013A','SM1','B','2020-06-30 00:00:00','ENROLLED',3),(1196,1900847,'Mpho','Mavhengele','COMS','COMS2013A','SM1','B','2020-06-30 00:00:00','ENROLLED',3),(1197,1908676,'Koketso','Raphala','COMS','COMS2013A','SM1','B','2020-06-30 00:00:00','ENROLLED',3),(1198,1915261,'Jecquelina','Shilakwe','COMS','COMS2013A','SM1','B','2020-06-30 00:00:00','ENROLLED',3),(1199,1916221,'Mpho','Khongoana','COMS','COMS2013A','SM1','B','2020-06-30 00:00:00','ENROLLED',3),(1200,1918469,'Thabelang','Ncube','COMS','COMS2013A','SM1','B','2020-06-30 00:00:00','ENROLLED',3),(1201,1920451,'Bonisiwe','Mdletshe','COMS','COMS2013A','SM1','B','2020-06-30 00:00:00','ENROLLED',3),(1202,1921674,'Surprice','Masilela','COMS','COMS2013A','SM1','B','2020-06-30 00:00:00','ENROLLED',3),(1203,1930665,'Louis','Mosotho','COMS','COMS2013A','SM1','B','2020-06-30 00:00:00','ENROLLED',3),(1204,1933028,'Sibongakonke','Kubheka','COMS','COMS2013A','SM1','B','2020-06-30 00:00:00','ENROLLED',3),(1205,1935452,'Hlamolo','Mhlanga','COMS','COMS2013A','SM1','B','2020-06-30 00:00:00','ENROLLED',3),(1206,1936996,'Neo','Moeketsi','COMS','COMS2013A','SM1','B','2020-06-30 00:00:00','ENROLLED',3),(1207,1963321,'Sibabalo','Luqhide','COMS','COMS2013A','SM1','B','2020-06-30 00:00:00','ENROLLED',3),(1208,1963875,'Evan','Rex','COMS','COMS2013A','SM1','B','2020-06-30 00:00:00','ENROLLED',3),(1209,1967259,'Zweli','Sibiya','COMS','COMS2013A','SM1','B','2020-06-30 00:00:00','ENROLLED',3),(1210,1975506,'Lethokuhle','Dubula','COMS','COMS2013A','SM1','B','2020-06-30 00:00:00','ENROLLED',3),(1211,2003405,'Khiyara','Soma','COMS','COMS2013A','SM1','B','2020-06-30 00:00:00','ENROLLED',3),(1212,2039033,'Langiwe','Mwale','COMS','COMS2013A','SM1','B','2020-06-30 00:00:00','ENROLLED',3),(1213,2052874,'Onthatile','Kgosimore','COMS','COMS2013A','SM1','B','2020-06-30 00:00:00','ENROLLED',3),(1214,2067058,'Nico','Govindsamy','COMS','COMS2013A','SM1','B','2020-06-30 00:00:00','ENROLLED',3),(1215,2069571,'Julia','Chen','COMS','COMS2013A','SM1','B','2020-06-30 00:00:00','ENROLLED',3),(1216,2079375,'Eston','Naicker','COMS','COMS2013A','SM1','B','2020-06-30 00:00:00','ENROLLED',3),(1217,2081236,'Seshnie','Naidoo','COMS','COMS2013A','SM1','B','2020-06-30 00:00:00','ENROLLED',3),(1218,2083519,'Sedzani','Ramathaga','COMS','COMS2013A','SM1','B','2020-06-30 00:00:00','ENROLLED',3),(1219,2083822,'Khano','Phidane','COMS','COMS2013A','SM1','B','2020-06-30 00:00:00','ENROLLED',3),(1220,2087190,'Jonathan','Nunes','COMS','COMS2013A','SM1','B','2020-06-30 00:00:00','ENROLLED',3),(1221,2088960,'Seyur','Lutchminarain','COMS','COMS2013A','SM1','B','2020-06-30 00:00:00','ENROLLED',3),(1222,2089198,'Mmasehume','Raphiri','COMS','COMS2013A','SM1','B','2020-06-30 00:00:00','ENROLLED',3),(1223,2089236,'Mohammed','Gathoo','COMS','COMS2013A','SM1','B','2020-06-30 00:00:00','ENROLLED',3),(1224,2089327,'Mokgethoa','Papola','COMS','COMS2013A','SM1','B','2020-06-30 00:00:00','ENROLLED',3),(1225,2089676,'Fezile','Mahlangu','COMS','COMS2013A','SM1','B','2020-06-30 00:00:00','ENROLLED',3),(1226,2089889,'Ireton','Liu','COMS','COMS2013A','SM1','B','2020-06-30 00:00:00','ENROLLED',3),(1227,2090040,'Kananelo','Mokoko','COMS','COMS2013A','SM1','B','2020-06-30 00:00:00','ENROLLED',3),(1228,2090048,'Byron','Kruger','COMS','COMS2013A','SM1','B','2020-06-30 00:00:00','ENROLLED',3),(1229,2090244,'Andrew','Boyley','COMS','COMS2013A','SM1','B','2020-06-30 00:00:00','ENROLLED',3),(1230,2090259,'Patricia','Mawelewele','COMS','COMS2013A','SM1','B','2020-06-30 00:00:00','ENROLLED',3),(1231,2090273,'Jade','Lagesen','COMS','COMS2013A','SM1','B','2020-06-30 00:00:00','ENROLLED',3),(1232,2090310,'Nhlakanipho','Mdluli','COMS','COMS2013A','SM1','B','2020-06-30 00:00:00','ENROLLED',3),(1233,2090454,'Tristan','Bester','COMS','COMS2013A','SM1','B','2020-06-30 00:00:00','ENROLLED',3),(1234,2090475,'Zaneli','Steeneveldt','COMS','COMS2013A','SM1','B','2020-06-30 00:00:00','ENROLLED',3),(1235,2090522,'Thanto','Ngcingwana','COMS','COMS2013A','SM1','B','2020-06-30 00:00:00','ENROLLED',3),(1236,2090704,'Mohammad','Uppel','COMS','COMS2013A','SM1','B','2020-06-30 00:00:00','ENROLLED',3),(1237,2091295,'Matthew','Dacre','COMS','COMS2013A','SM1','B','2020-06-30 00:00:00','ENROLLED',3),(1238,2091502,'Sandile','Ndwandwe','COMS','COMS2013A','SM1','B','2020-06-30 00:00:00','ENROLLED',3),(1239,2092108,'Andile','Thabethe','COMS','COMS2013A','SM1','B','2020-06-30 00:00:00','ENROLLED',3),(1240,2092154,'Lindokuhle','Ginindza','COMS','COMS2013A','SM1','B','2020-06-30 00:00:00','ENROLLED',3),(1241,2092181,'Mpho','Matswiki','COMS','COMS2013A','SM1','B','2020-06-30 00:00:00','ENROLLED',3),(1242,2092255,'Tiisetso','Madi','COMS','COMS2013A','SM1','B','2020-06-30 00:00:00','ENROLLED',3),(1243,2092368,'Mongezi','Khumalo','COMS','COMS2013A','SM1','B','2020-06-30 00:00:00','ENROLLED',3),(1244,2093411,'Siphesihle','Mthethwa','COMS','COMS2013A','SM1','B','2020-06-30 00:00:00','ENROLLED',3),(1245,2094007,'Vhugala','Mudau','COMS','COMS2013A','SM1','B','2020-06-30 00:00:00','ENROLLED',3),(1246,2094024,'Dhavaan','Naidoo','COMS','COMS2013A','SM1','B','2020-06-30 00:00:00','ENROLLED',3),(1247,2094343,'Zander','Drotskie','COMS','COMS2013A','SM1','B','2020-06-30 00:00:00','ENROLLED',3),(1248,2094701,'Sheslin','Naidoo','COMS','COMS2013A','SM1','B','2020-06-30 00:00:00','ENROLLED',3),(1249,2094705,'Pephins','Moyo','COMS','COMS2013A','SM1','B','2020-06-30 00:00:00','ENROLLED',3),(1250,2094785,'Shahil','Harripersad','COMS','COMS2013A','SM1','B','2020-06-30 00:00:00','ENROLLED',3),(1251,2095208,'Faisal','Saleem','COMS','COMS2013A','SM1','B','2020-06-30 00:00:00','ENROLLED',3),(1252,2095458,'Vuyo','Ncume','COMS','COMS2013A','SM1','B','2020-06-30 00:00:00','ENROLLED',3),(1253,2095294,'Matthew','Simon','COMS','COMS2013A','SM1','B','2020-06-30 00:00:00','ENROLLED',3),(1254,2095284,'Neeloufah','Alli','COMS','COMS2013A','SM1','B','2020-06-30 00:00:00','ENROLLED',3),(1255,2097529,'Pascale','Woolley','COMS','COMS2013A','SM1','B','2020-06-30 00:00:00','ENROLLED',3),(1256,2103063,'Sipho','Sikakane','COMS','COMS2013A','SM1','B','2020-06-30 00:00:00','ENROLLED',3),(1257,2103406,'Nikiwe','Mdaka','COMS','COMS2013A','SM1','B','2020-06-30 00:00:00','ENROLLED',3),(1258,2103562,'Tevin','Padayachee','COMS','COMS2013A','SM1','B','2020-06-30 00:00:00','ENROLLED',3),(1259,2103706,'Ghulame Mujtaba','Arbi','COMS','COMS2013A','SM1','B','2020-06-30 00:00:00','ENROLLED',3),(1260,2105354,'Nqoba','Jele','COMS','COMS2013A','SM1','B','2020-06-30 00:00:00','ENROLLED',3),(1261,2105552,'Refentse','Ledwaba','COMS','COMS2013A','SM1','B','2020-06-30 00:00:00','ENROLLED',3),(1262,2105569,'Tristan','Bookhan','COMS','COMS2013A','SM1','B','2020-06-30 00:00:00','ENROLLED',3),(1263,2105624,'Saien','Naidoo','COMS','COMS2013A','SM1','B','2020-06-30 00:00:00','ENROLLED',3),(1264,2105746,'Callum','Frost','COMS','COMS2013A','SM1','B','2020-06-30 00:00:00','ENROLLED',3),(1265,2106761,'Monde','Khwatsha','COMS','COMS2013A','SM1','B','2020-06-30 00:00:00','ENROLLED',3),(1266,2107078,'Elias','Judin','COMS','COMS2013A','SM1','B','2020-06-30 00:00:00','ENROLLED',3),(1267,2107695,'Dennis','Yuan','COMS','COMS2013A','SM1','B','2020-06-30 00:00:00','ENROLLED',3),(1268,2107762,'Sonia','Bullah','COMS','COMS2013A','SM1','B','2020-06-30 00:00:00','ENROLLED',3),(1269,2108903,'Suraksha','Motilal','COMS','COMS2013A','SM1','B','2020-06-30 00:00:00','ENROLLED',3),(1270,2109671,'Cole','Van Rooyen','COMS','COMS2013A','SM1','B','2020-06-30 00:00:00','ENROLLED',3),(1271,2109688,'William','Booi','COMS','COMS2013A','SM1','B','2020-06-30 00:00:00','ENROLLED',3),(1272,2111308,'Melisa','Mmatshaka','COMS','COMS2013A','SM1','B','2020-06-30 00:00:00','ENROLLED',3),(1273,2112256,'Ntando','Ngobese','COMS','COMS2013A','SM1','B','2020-06-30 00:00:00','ENROLLED',3),(1274,2113162,'Nhlakanipho','Maduna','COMS','COMS2013A','SM1','B','2020-06-30 00:00:00','ENROLLED',3),(1275,2114834,'Rotondwa','Mavhengani','COMS','COMS2013A','SM1','B','2020-06-30 00:00:00','ENROLLED',3),(1276,2115261,'William','Hill','COMS','COMS2013A','SM1','B','2020-06-30 00:00:00','ENROLLED',3),(1277,2115284,'Calvin','Muchemwa','COMS','COMS2013A','SM1','B','2020-06-30 00:00:00','ENROLLED',3),(1278,2115440,'Kiyolin','Perumal','COMS','COMS2013A','SM1','B','2020-06-30 00:00:00','ENROLLED',3),(1279,2115850,'Zahraa','Hoosen','COMS','COMS2013A','SM1','B','2020-06-30 00:00:00','ENROLLED',3),(1280,2115870,'Cameron','Cafferty','COMS','COMS2013A','SM1','B','2020-06-30 00:00:00','ENROLLED',3),(1281,2116176,'Neo','Maja','COMS','COMS2013A','SM1','B','2020-06-30 00:00:00','ENROLLED',3),(1282,2116285,'Aqil','Variava','COMS','COMS2013A','SM1','B','2020-06-30 00:00:00','ENROLLED',3),(1283,2117129,'James','Alence','COMS','COMS2013A','SM1','B','2020-06-30 00:00:00','ENROLLED',3),(1284,2126112,'Kabelo','Mokoena','COMS','COMS2013A','SM1','B','2020-06-30 00:00:00','ENROLLED',3),(1285,2126210,'Mbusiso','Siso','COMS','COMS2013A','SM1','B','2020-06-30 00:00:00','ENROLLED',3),(1286,2127039,'Derrin','Naidoo','COMS','COMS2013A','SM1','B','2020-06-30 00:00:00','ENROLLED',3),(1287,2127079,'Makoko Campbell','Manape','COMS','COMS2013A','SM1','B','2020-06-30 00:00:00','ENROLLED',3),(1288,2128358,'Claudio','Da Mata','COMS','COMS2013A','SM1','B','2020-06-30 00:00:00','ENROLLED',3),(1289,2128753,'Jia Lin','Lu','COMS','COMS2013A','SM1','B','2020-06-30 00:00:00','ENROLLED',3),(1290,2129518,'Magape','Mafiri','COMS','COMS2013A','SM1','B','2020-06-30 00:00:00','ENROLLED',3),(1291,2129849,'Mpho','Maumela','COMS','COMS2013A','SM1','B','2020-06-30 00:00:00','ENROLLED',3),(1292,2130564,'Lerato','Hlagala','COMS','COMS2013A','SM1','B','2020-06-30 00:00:00','ENROLLED',3),(1293,2130644,'Sisonke','Msezane','COMS','COMS2013A','SM1','B','2020-06-30 00:00:00','ENROLLED',3),(1294,2130738,'Pabalelo','Mosoma','COMS','COMS2013A','SM1','B','2020-06-30 00:00:00','ENROLLED',3),(1295,2131902,'Vhuhulu','Chauke','COMS','COMS2013A','SM1','B','2020-06-30 00:00:00','ENROLLED',3),(1296,2134111,'Oluwatimileyin','Obagbuwa','COMS','COMS2013A','SM1','B','2020-06-30 00:00:00','ENROLLED',3),(1297,2135594,'Kgosi','Gabaocwe','COMS','COMS2013A','SM1','B','2020-06-30 00:00:00','ENROLLED',3),(1298,2136369,'Robert','Schwarz','COMS','COMS2013A','SM1','B','2020-06-30 00:00:00','ENROLLED',3),(1299,2136485,'Alan','Burke','COMS','COMS2013A','SM1','B','2020-06-30 00:00:00','ENROLLED',3),(1300,2136717,'Zahraah','Rasool','COMS','COMS2013A','SM1','B','2020-06-30 00:00:00','ENROLLED',3),(1301,2138802,'Vukosi','Moyane','COMS','COMS2013A','SM1','B','2020-06-30 00:00:00','ENROLLED',3),(1302,2139555,'Emanuel','Maluleke','COMS','COMS2013A','SM1','B','2020-06-30 00:00:00','ENROLLED',3),(1303,2140474,'Mzwakhe','Mavimbela','COMS','COMS2013A','SM1','B','2020-06-30 00:00:00','ENROLLED',3),(1304,2140796,'Mahdiyah','Manjra','COMS','COMS2013A','SM1','B','2020-06-30 00:00:00','ENROLLED',3),(1305,2141408,'Aobakwe','Sephiri','COMS','COMS2013A','SM1','B','2020-06-30 00:00:00','ENROLLED',3),(1306,2141916,'Kayla','Levy','COMS','COMS2013A','SM1','B','2020-06-30 00:00:00','ENROLLED',3),(1307,2142854,'Jonathan','Koch','COMS','COMS2013A','SM1','B','2020-06-30 00:00:00','ENROLLED',3),(1308,2143116,'Joshua','Wacks','COMS','COMS2013A','SM1','B','2020-06-30 00:00:00','ENROLLED',3),(1309,2143686,'Mengetiwemalangeni','Dlamini','COMS','COMS2013A','SM1','B','2020-06-30 00:00:00','ENROLLED',3),(1310,2144815,'Connor','Mc Crae','COMS','COMS2013A','SM1','B','2020-06-30 00:00:00','ENROLLED',3),(1311,2152320,'Alex','Vogt','COMS','COMS2013A','SM1','B','2020-06-30 00:00:00','ENROLLED',3),(1312,2152375,'Gabriel','Tidy','COMS','COMS2013A','SM1','B','2020-06-30 00:00:00','ENROLLED',3),(1313,2153026,'Moshe','Brill','COMS','COMS2013A','SM1','B','2020-06-30 00:00:00','ENROLLED',3),(1314,2153048,'Yaakov','Brill','COMS','COMS2013A','SM1','B','2020-06-30 00:00:00','ENROLLED',3),(1315,2153068,'Shlomo','Brill','COMS','COMS2013A','SM1','B','2020-06-30 00:00:00','ENROLLED',3),(1316,2153172,'Jecoliah','Ramdhin','COMS','COMS2013A','SM1','B','2020-06-30 00:00:00','ENROLLED',3),(1317,2154154,'Tawanda','Sithole','COMS','COMS2013A','SM1','B','2020-06-30 00:00:00','ENROLLED',3),(1318,2154519,'Mpendulo','Nxumalo','COMS','COMS2013A','SM1','B','2020-06-30 00:00:00','ENROLLED',3),(1319,2158867,'Ramasedi','Khampepe','COMS','COMS2013A','SM1','B','2020-06-30 00:00:00','ENROLLED',3),(1320,2159285,'Blessed','Nyengerai','COMS','COMS2013A','SM1','B','2020-06-30 00:00:00','ENROLLED',3),(1321,2160806,'Wiehann','Kruger','COMS','COMS2013A','SM1','B','2020-06-30 00:00:00','ENROLLED',3),(1322,2161334,'Kiara','Gabriel','COMS','COMS2013A','SM1','B','2020-06-30 00:00:00','ENROLLED',3),(1323,2164194,'Koena','Rammutla','COMS','COMS2013A','SM1','B','2020-06-30 00:00:00','ENROLLED',3),(1324,2167082,'Xolani','Nqubezelo','COMS','COMS2013A','SM1','B','2020-06-30 00:00:00','ENROLLED',3),(1325,2168115,'Colin','Hugo','COMS','COMS2013A','SM1','B','2020-06-30 00:00:00','ENROLLED',3),(1326,2169468,'Benjamin','Valkin','COMS','COMS2013A','SM1','B','2020-06-30 00:00:00','ENROLLED',3),(1327,2172765,'Phutiane','Chipu','COMS','COMS2013A','SM1','B','2020-06-30 00:00:00','ENROLLED',3),(1328,2173638,'Shravan','Singh','COMS','COMS2013A','SM1','B','2020-06-30 00:00:00','ENROLLED',3),(1329,2179115,'Dylan','Fasser','COMS','COMS2013A','SM1','B','2020-06-30 00:00:00','ENROLLED',3),(1330,2180393,'Arneev','Singh','COMS','COMS2013A','SM1','B','2020-06-30 00:00:00','ENROLLED',3),(1331,2180804,'Sean','Terespolsky','COMS','COMS2013A','SM1','B','2020-06-30 00:00:00','ENROLLED',3),(1332,2181532,'Atlast','Ganyane','COMS','COMS2013A','SM1','B','2020-06-30 00:00:00','ENROLLED',3),(1333,2185695,'Phillip','Moyo','COMS','COMS2013A','SM1','B','2020-06-30 00:00:00','ENROLLED',3),(1334,2202103,'Aashna','Gaogle','COMS','COMS2013A','SM1','B','2020-06-30 00:00:00','ENROLLED',3),(1335,2234379,'Godfrey','Chamunogwa','COMS','COMS2013A','SM1','B','2020-06-30 00:00:00','ENROLLED',3),(1336,2231401,'Monica','Ankala','COMS','COMS2013A','SM1','B','2020-06-30 00:00:00','ENROLLED',3),(1337,2228361,'James','Thackeray','COMS','COMS2013A','SM1','B','2020-06-30 00:00:00','ENROLLED',3),(1338,2246323,'Luka','Zatezalo','COMS','COMS2013A','SM1','B','2020-06-30 00:00:00','ENROLLED',3),(1339,2241186,'Gideon','Ilung','COMS','COMS2013A','SM1','B','2020-06-30 00:00:00','ENROLLED',3),(1340,2274807,'Tshavhalufu','Singo','COMS','COMS2013A','SM1','B','2020-06-30 00:00:00','ENROLLED',3),(1341,2244590,'Montoane','Maapeya','COMS','COMS2013A','SM1','B','2020-06-30 00:00:00','ENROLLED',3),(1342,2233063,'Phoenix','Krinsky','COMS','COMS2013A','SM1','B','2020-06-30 00:00:00','ENROLLED',3),(1343,2269574,'Mafora Katlego','Masemene','COMS','COMS2013A','SM1','B','2020-06-30 00:00:00','ENROLLED',3),(1344,2280727,'Phumlani','Ntini','COMS','COMS2013A','SM1','B','2020-06-30 00:00:00','ENROLLED',3),(1345,2295593,'Shan','O\'Neil','COMS','COMS2013A','SM1','B','2020-06-30 00:00:00','ENROLLED',3),(1346,1353881,'Linda','Hasi','COMS','COMS2002A','SM1','B','2020-06-30 00:00:00','ENROLLED',4),(1347,1445435,'Moshito','Makgakga','COMS','COMS2002A','SM1','B','2020-06-30 00:00:00','ENROLLED',4),(1348,1448771,'Talion','Naidoo','COMS','COMS2002A','SM1','B','2020-06-30 00:00:00','ENROLLED',4),(1349,1484097,'Sibabalwe','Zingitwa','COMS','COMS2002A','SM1','B','2020-06-30 00:00:00','ENROLLED',4),(1350,1597838,'Jemma','Sundelson','COMS','COMS2002A','SM1','B','2020-06-30 00:00:00','ENROLLED',4),(1351,1600076,'Ureeshah','Moodley','COMS','COMS2002A','SM1','B','2020-06-30 00:00:00','ENROLLED',4),(1352,1605062,'Tshegofatso','Mphahlele','COMS','COMS2002A','SM1','B','2020-06-30 00:00:00','ENROLLED',4),(1353,1619413,'Jordan','Van Zyl','COMS','COMS2002A','SM1','B','2020-06-30 00:00:00','ENROLLED',4),(1354,1635648,'Anushka','Monema','COMS','COMS2002A','SM1','B','2020-06-30 00:00:00','ENROLLED',4),(1355,1636376,'Sesona','Maraxaba','COMS','COMS2002A','SM1','B','2020-06-30 00:00:00','ENROLLED',4),(1356,1663980,'Kyle','Chan Some','COMS','COMS2002A','SM1','B','2020-06-30 00:00:00','ENROLLED',4),(1357,1671848,'Fankholoro','Sebothoma','COMS','COMS2002A','SM1','B','2020-06-30 00:00:00','ENROLLED',4),(1358,1690083,'Daniel','Christodoulou','COMS','COMS2002A','SM1','B','2020-06-30 00:00:00','ENROLLED',4),(1359,1760829,'Xin','Nian','COMS','COMS2002A','SM1','B','2020-06-30 00:00:00','ENROLLED',4),(1360,1816904,'Ntwanano','Rikhotso','COMS','COMS2002A','SM1','B','2020-06-30 00:00:00','ENROLLED',4),(1361,1822471,'Thibello','Khaile','COMS','COMS2002A','SM1','B','2020-06-30 00:00:00','ENROLLED',4),(1362,1825462,'Mologadi','Chuene','COMS','COMS2002A','SM1','B','2020-06-30 00:00:00','ENROLLED',4),(1363,1825548,'Nihal','Seegobin','COMS','COMS2002A','SM1','B','2020-06-30 00:00:00','ENROLLED',4),(1364,1827456,'Bianco','Van Der Ross','COMS','COMS2002A','SM1','B','2020-06-30 00:00:00','ENROLLED',4),(1365,1827555,'Yaseen','Haffejee','COMS','COMS2002A','SM1','B','2020-06-30 00:00:00','ENROLLED',4),(1366,1828251,'Ziyaad','Ballim','COMS','COMS2002A','SM1','B','2020-06-30 00:00:00','ENROLLED',4),(1367,1828559,'Nthabiseng','Mabetlela','COMS','COMS2002A','SM1','B','2020-06-30 00:00:00','ENROLLED',4),(1368,1832460,'Taeisha','Nundlall','COMS','COMS2002A','SM1','B','2020-06-30 00:00:00','ENROLLED',4),(1369,1832967,'Kgotso','Moshoeshoe','COMS','COMS2002A','SM1','B','2020-06-30 00:00:00','ENROLLED',4),(1370,1833561,'Panashe','Muzuva','COMS','COMS2002A','SM1','B','2020-06-30 00:00:00','ENROLLED',4),(1371,1835917,'Tshenolo','Seduma','COMS','COMS2002A','SM1','B','2020-06-30 00:00:00','ENROLLED',4),(1372,1843066,'Amen','Moipushi','COMS','COMS2002A','SM1','B','2020-06-30 00:00:00','ENROLLED',4),(1373,1843718,'Mervynn','Shoko','COMS','COMS2002A','SM1','B','2020-06-30 00:00:00','ENROLLED',4),(1374,1846377,'Ntsika','Mabe','COMS','COMS2002A','SM1','B','2020-06-30 00:00:00','ENROLLED',4),(1375,1846385,'Talha','Minhas','COMS','COMS2002A','SM1','B','2020-06-30 00:00:00','ENROLLED',4),(1376,1846579,'Gudani','Makumbane','COMS','COMS2002A','SM1','B','2020-06-30 00:00:00','ENROLLED',4),(1377,1846871,'Christopher','Walley','COMS','COMS2002A','SM1','B','2020-06-30 00:00:00','ENROLLED',4),(1378,1847192,'Kagiso','Mabaso','COMS','COMS2002A','SM1','B','2020-06-30 00:00:00','ENROLLED',4),(1379,1847313,'Previn','Govender','COMS','COMS2002A','SM1','B','2020-06-30 00:00:00','ENROLLED',4),(1380,1847799,'Khanani','Mathebula','COMS','COMS2002A','SM1','B','2020-06-30 00:00:00','ENROLLED',4),(1381,1848679,'Olwethu','Goniwe','COMS','COMS2002A','SM1','B','2020-06-30 00:00:00','ENROLLED',4),(1382,1848739,'Phola','Bavuma','COMS','COMS2002A','SM1','B','2020-06-30 00:00:00','ENROLLED',4),(1383,1851427,'Ntiyiso','Mushwana','COMS','COMS2002A','SM1','B','2020-06-30 00:00:00','ENROLLED',4),(1384,1852151,'Naazni','Jagdew','COMS','COMS2002A','SM1','B','2020-06-30 00:00:00','ENROLLED',4),(1385,1852684,'Michael','De Carvalho','COMS','COMS2002A','SM1','B','2020-06-30 00:00:00','ENROLLED',4),(1386,1853035,'Ompha','Mudau','COMS','COMS2002A','SM1','B','2020-06-30 00:00:00','ENROLLED',4),(1387,1853416,'Kineta','Padiachee','COMS','COMS2002A','SM1','B','2020-06-30 00:00:00','ENROLLED',4),(1388,1854457,'Anri','Pienaar','COMS','COMS2002A','SM1','B','2020-06-30 00:00:00','ENROLLED',4),(1389,1854776,'Kagiso','Modisha','COMS','COMS2002A','SM1','B','2020-06-30 00:00:00','ENROLLED',4),(1390,1856080,'Rumbidzai','Moyo','COMS','COMS2002A','SM1','B','2020-06-30 00:00:00','ENROLLED',4),(1391,1856286,'Sbabalwe','Roux','COMS','COMS2002A','SM1','B','2020-06-30 00:00:00','ENROLLED',4),(1392,1859136,'Masego','Gwili','COMS','COMS2002A','SM1','B','2020-06-30 00:00:00','ENROLLED',4),(1393,1860320,'Mmasechaba','Mohlala','COMS','COMS2002A','SM1','B','2020-06-30 00:00:00','ENROLLED',4),(1394,1860312,'Athuli','Ntintili','COMS','COMS2002A','SM1','B','2020-06-30 00:00:00','ENROLLED',4),(1395,1862666,'Olebogeng','Maleho','COMS','COMS2002A','SM1','B','2020-06-30 00:00:00','ENROLLED',4),(1396,1864133,'Donovan','Makate','COMS','COMS2002A','SM1','B','2020-06-30 00:00:00','ENROLLED',4),(1397,1864549,'Mankweyane','Mokgapa','COMS','COMS2002A','SM1','B','2020-06-30 00:00:00','ENROLLED',4),(1398,1864691,'Tristen','Haverly','COMS','COMS2002A','SM1','B','2020-06-30 00:00:00','ENROLLED',4),(1399,1866305,'Naledi','Moseki','COMS','COMS2002A','SM1','B','2020-06-30 00:00:00','ENROLLED',4),(1400,1866965,'Nhlakanipho','Radebe','COMS','COMS2002A','SM1','B','2020-06-30 00:00:00','ENROLLED',4),(1401,1870175,'Amatullah','Mthethwa','COMS','COMS2002A','SM1','B','2020-06-30 00:00:00','ENROLLED',4),(1402,1870833,'Aharon','Cohen','COMS','COMS2002A','SM1','B','2020-06-30 00:00:00','ENROLLED',4),(1403,1871892,'Umair','Bham','COMS','COMS2002A','SM1','B','2020-06-30 00:00:00','ENROLLED',4),(1404,1874376,'Lehlohonolo','Moloi','COMS','COMS2002A','SM1','B','2020-06-30 00:00:00','ENROLLED',4),(1405,1875399,'Netthias','Banda','COMS','COMS2002A','SM1','B','2020-06-30 00:00:00','ENROLLED',4),(1406,1875489,'Hlogonofatso','Mokoena','COMS','COMS2002A','SM1','B','2020-06-30 00:00:00','ENROLLED',4),(1407,1876010,'Koena','Lamola','COMS','COMS2002A','SM1','B','2020-06-30 00:00:00','ENROLLED',4),(1408,1876080,'Bhavik','Govan','COMS','COMS2002A','SM1','B','2020-06-30 00:00:00','ENROLLED',4),(1409,1878352,'Themba','Xaba','COMS','COMS2002A','SM1','B','2020-06-30 00:00:00','ENROLLED',4),(1410,1882766,'Vutlhari','Hlungwane','COMS','COMS2002A','SM1','B','2020-06-30 00:00:00','ENROLLED',4),(1411,1884059,'Othniel','Ngobeni','COMS','COMS2002A','SM1','B','2020-06-30 00:00:00','ENROLLED',4),(1412,1886537,'Caroline','Khwerana','COMS','COMS2002A','SM1','B','2020-06-30 00:00:00','ENROLLED',4),(1413,1892449,'Bhekinkosi','Ncube','COMS','COMS2002A','SM1','B','2020-06-30 00:00:00','ENROLLED',4),(1414,1898593,'Delisa','Dlamini','COMS','COMS2002A','SM1','B','2020-06-30 00:00:00','ENROLLED',4),(1415,1900847,'Mpho','Mavhengele','COMS','COMS2002A','SM1','B','2020-06-30 00:00:00','ENROLLED',4),(1416,1908676,'Koketso','Raphala','COMS','COMS2002A','SM1','B','2020-06-30 00:00:00','ENROLLED',4),(1417,1915261,'Jecquelina','Shilakwe','COMS','COMS2002A','SM1','B','2020-06-30 00:00:00','ENROLLED',4),(1418,1916221,'Mpho','Khongoana','COMS','COMS2002A','SM1','B','2020-06-30 00:00:00','ENROLLED',4),(1419,1918469,'Thabelang','Ncube','COMS','COMS2002A','SM1','B','2020-06-30 00:00:00','ENROLLED',4),(1420,1920451,'Bonisiwe','Mdletshe','COMS','COMS2002A','SM1','B','2020-06-30 00:00:00','ENROLLED',4),(1421,1921674,'Surprice','Masilela','COMS','COMS2002A','SM1','B','2020-06-30 00:00:00','ENROLLED',4),(1422,1930665,'Louis','Mosotho','COMS','COMS2002A','SM1','B','2020-06-30 00:00:00','ENROLLED',4),(1423,1933028,'Sibongakonke','Kubheka','COMS','COMS2002A','SM1','B','2020-06-30 00:00:00','ENROLLED',4),(1424,1935452,'Hlamolo','Mhlanga','COMS','COMS2002A','SM1','B','2020-06-30 00:00:00','ENROLLED',4),(1425,1936996,'Neo','Moeketsi','COMS','COMS2002A','SM1','B','2020-06-30 00:00:00','ENROLLED',4),(1426,1963321,'Sibabalo','Luqhide','COMS','COMS2002A','SM1','B','2020-06-30 00:00:00','ENROLLED',4),(1427,1963875,'Evan','Rex','COMS','COMS2002A','SM1','B','2020-06-30 00:00:00','ENROLLED',4),(1428,1967259,'Zweli','Sibiya','COMS','COMS2002A','SM1','B','2020-06-30 00:00:00','ENROLLED',4),(1429,2003405,'Khiyara','Soma','COMS','COMS2002A','SM1','B','2020-06-30 00:00:00','ENROLLED',4),(1430,2039033,'Langiwe','Mwale','COMS','COMS2002A','SM1','B','2020-06-30 00:00:00','ENROLLED',4),(1431,2052874,'Onthatile','Kgosimore','COMS','COMS2002A','SM1','B','2020-06-30 00:00:00','ENROLLED',4),(1432,2067058,'Nico','Govindsamy','COMS','COMS2002A','SM1','B','2020-06-30 00:00:00','ENROLLED',4),(1433,2069571,'Julia','Chen','COMS','COMS2002A','SM1','B','2020-06-30 00:00:00','ENROLLED',4),(1434,2079375,'Eston','Naicker','COMS','COMS2002A','SM1','B','2020-06-30 00:00:00','ENROLLED',4),(1435,2081236,'Seshnie','Naidoo','COMS','COMS2002A','SM1','B','2020-06-30 00:00:00','ENROLLED',4),(1436,2083519,'Sedzani','Ramathaga','COMS','COMS2002A','SM1','B','2020-06-30 00:00:00','ENROLLED',4),(1437,2083822,'Khano','Phidane','COMS','COMS2002A','SM1','B','2020-06-30 00:00:00','ENROLLED',4),(1438,2087190,'Jonathan','Nunes','COMS','COMS2002A','SM1','B','2020-06-30 00:00:00','ENROLLED',4),(1439,2088247,'Wendy','Sorour','COMS','COMS2002A','SM1','B','2020-06-30 00:00:00','ENROLLED',4),(1440,2088960,'Seyur','Lutchminarain','COMS','COMS2002A','SM1','B','2020-06-30 00:00:00','ENROLLED',4),(1441,2089198,'Mmasehume','Raphiri','COMS','COMS2002A','SM1','B','2020-06-30 00:00:00','ENROLLED',4),(1442,2089236,'Mohammed','Gathoo','COMS','COMS2002A','SM1','B','2020-06-30 00:00:00','ENROLLED',4),(1443,2089327,'Mokgethoa','Papola','COMS','COMS2002A','SM1','B','2020-06-30 00:00:00','ENROLLED',4),(1444,2089676,'Fezile','Mahlangu','COMS','COMS2002A','SM1','B','2020-06-30 00:00:00','ENROLLED',4),(1445,2089889,'Ireton','Liu','COMS','COMS2002A','SM1','B','2020-06-30 00:00:00','ENROLLED',4),(1446,2090040,'Kananelo','Mokoko','COMS','COMS2002A','SM1','B','2020-06-30 00:00:00','ENROLLED',4),(1447,2090048,'Byron','Kruger','COMS','COMS2002A','SM1','B','2020-06-30 00:00:00','ENROLLED',4),(1448,2090244,'Andrew','Boyley','COMS','COMS2002A','SM1','B','2020-06-30 00:00:00','ENROLLED',4),(1449,2090259,'Patricia','Mawelewele','COMS','COMS2002A','SM1','B','2020-06-30 00:00:00','ENROLLED',4),(1450,2090273,'Jade','Lagesen','COMS','COMS2002A','SM1','B','2020-06-30 00:00:00','ENROLLED',4),(1451,2090310,'Nhlakanipho','Mdluli','COMS','COMS2002A','SM1','B','2020-06-30 00:00:00','ENROLLED',4),(1452,2090454,'Tristan','Bester','COMS','COMS2002A','SM1','B','2020-06-30 00:00:00','ENROLLED',4),(1453,2090475,'Zaneli','Steeneveldt','COMS','COMS2002A','SM1','B','2020-06-30 00:00:00','ENROLLED',4),(1454,2090522,'Thanto','Ngcingwana','COMS','COMS2002A','SM1','B','2020-06-30 00:00:00','ENROLLED',4),(1455,2090704,'Mohammad','Uppel','COMS','COMS2002A','SM1','B','2020-06-30 00:00:00','ENROLLED',4),(1456,2091295,'Matthew','Dacre','COMS','COMS2002A','SM1','B','2020-06-30 00:00:00','ENROLLED',4),(1457,2091502,'Sandile','Ndwandwe','COMS','COMS2002A','SM1','B','2020-06-30 00:00:00','ENROLLED',4),(1458,2092108,'Andile','Thabethe','COMS','COMS2002A','SM1','B','2020-06-30 00:00:00','ENROLLED',4),(1459,2092154,'Lindokuhle','Ginindza','COMS','COMS2002A','SM1','B','2020-06-30 00:00:00','ENROLLED',4),(1460,2092181,'Mpho','Matswiki','COMS','COMS2002A','SM1','B','2020-06-30 00:00:00','ENROLLED',4),(1461,2092255,'Tiisetso','Madi','COMS','COMS2002A','SM1','B','2020-06-30 00:00:00','ENROLLED',4),(1462,2092368,'Mongezi','Khumalo','COMS','COMS2002A','SM1','B','2020-06-30 00:00:00','ENROLLED',4),(1463,2093411,'Siphesihle','Mthethwa','COMS','COMS2002A','SM1','B','2020-06-30 00:00:00','ENROLLED',4),(1464,2094007,'Vhugala','Mudau','COMS','COMS2002A','SM1','B','2020-06-30 00:00:00','ENROLLED',4),(1465,2094024,'Dhavaan','Naidoo','COMS','COMS2002A','SM1','B','2020-06-30 00:00:00','ENROLLED',4),(1466,2094343,'Zander','Drotskie','COMS','COMS2002A','SM1','B','2020-06-30 00:00:00','ENROLLED',4),(1467,2094701,'Sheslin','Naidoo','COMS','COMS2002A','SM1','B','2020-06-30 00:00:00','ENROLLED',4),(1468,2094705,'Pephins','Moyo','COMS','COMS2002A','SM1','B','2020-06-30 00:00:00','ENROLLED',4),(1469,2094785,'Shahil','Harripersad','COMS','COMS2002A','SM1','B','2020-06-30 00:00:00','ENROLLED',4),(1470,2095208,'Faisal','Saleem','COMS','COMS2002A','SM1','B','2020-06-30 00:00:00','ENROLLED',4),(1471,2095458,'Vuyo','Ncume','COMS','COMS2002A','SM1','B','2020-06-30 00:00:00','ENROLLED',4),(1472,2095294,'Matthew','Simon','COMS','COMS2002A','SM1','B','2020-06-30 00:00:00','ENROLLED',4),(1473,2095284,'Neeloufah','Alli','COMS','COMS2002A','SM1','B','2020-06-30 00:00:00','ENROLLED',4),(1474,2097529,'Pascale','Woolley','COMS','COMS2002A','SM1','B','2020-06-30 00:00:00','ENROLLED',4),(1475,2103063,'Sipho','Sikakane','COMS','COMS2002A','SM1','B','2020-06-30 00:00:00','ENROLLED',4),(1476,2103406,'Nikiwe','Mdaka','COMS','COMS2002A','SM1','B','2020-06-30 00:00:00','ENROLLED',4),(1477,2103562,'Tevin','Padayachee','COMS','COMS2002A','SM1','B','2020-06-30 00:00:00','ENROLLED',4),(1478,2103706,'Ghulame Mujtaba','Arbi','COMS','COMS2002A','SM1','B','2020-06-30 00:00:00','ENROLLED',4),(1479,2105354,'Nqoba','Jele','COMS','COMS2002A','SM1','B','2020-06-30 00:00:00','ENROLLED',4),(1480,2105552,'Refentse','Ledwaba','COMS','COMS2002A','SM1','B','2020-06-30 00:00:00','ENROLLED',4),(1481,2105569,'Tristan','Bookhan','COMS','COMS2002A','SM1','B','2020-06-30 00:00:00','ENROLLED',4),(1482,2105624,'Saien','Naidoo','COMS','COMS2002A','SM1','B','2020-06-30 00:00:00','ENROLLED',4),(1483,2105746,'Callum','Frost','COMS','COMS2002A','SM1','B','2020-06-30 00:00:00','ENROLLED',4),(1484,2106761,'Monde','Khwatsha','COMS','COMS2002A','SM1','B','2020-06-30 00:00:00','ENROLLED',4),(1485,2107078,'Elias','Judin','COMS','COMS2002A','SM1','B','2020-06-30 00:00:00','ENROLLED',4),(1486,2107695,'Dennis','Yuan','COMS','COMS2002A','SM1','B','2020-06-30 00:00:00','ENROLLED',4),(1487,2107762,'Sonia','Bullah','COMS','COMS2002A','SM1','B','2020-06-30 00:00:00','ENROLLED',4),(1488,2108903,'Suraksha','Motilal','COMS','COMS2002A','SM1','B','2020-06-30 00:00:00','ENROLLED',4),(1489,2109671,'Cole','Van Rooyen','COMS','COMS2002A','SM1','B','2020-06-30 00:00:00','ENROLLED',4),(1490,2109688,'William','Booi','COMS','COMS2002A','SM1','B','2020-06-30 00:00:00','ENROLLED',4),(1491,2111308,'Melisa','Mmatshaka','COMS','COMS2002A','SM1','B','2020-06-30 00:00:00','ENROLLED',4),(1492,2112256,'Ntando','Ngobese','COMS','COMS2002A','SM1','B','2020-06-30 00:00:00','ENROLLED',4),(1493,2113162,'Nhlakanipho','Maduna','COMS','COMS2002A','SM1','B','2020-06-30 00:00:00','ENROLLED',4),(1494,2114834,'Rotondwa','Mavhengani','COMS','COMS2002A','SM1','B','2020-06-30 00:00:00','ENROLLED',4),(1495,2115261,'William','Hill','COMS','COMS2002A','SM1','B','2020-06-30 00:00:00','ENROLLED',4),(1496,2115284,'Calvin','Muchemwa','COMS','COMS2002A','SM1','B','2020-06-30 00:00:00','ENROLLED',4),(1497,2115440,'Kiyolin','Perumal','COMS','COMS2002A','SM1','B','2020-06-30 00:00:00','ENROLLED',4),(1498,2115850,'Zahraa','Hoosen','COMS','COMS2002A','SM1','B','2020-06-30 00:00:00','ENROLLED',4),(1499,2115870,'Cameron','Cafferty','COMS','COMS2002A','SM1','B','2020-06-30 00:00:00','ENROLLED',4),(1500,2116176,'Neo','Maja','COMS','COMS2002A','SM1','B','2020-06-30 00:00:00','ENROLLED',4),(1501,2116285,'Aqil','Variava','COMS','COMS2002A','SM1','B','2020-06-30 00:00:00','ENROLLED',4),(1502,2117129,'James','Alence','COMS','COMS2002A','SM1','B','2020-06-30 00:00:00','ENROLLED',4),(1503,2126112,'Kabelo','Mokoena','COMS','COMS2002A','SM1','B','2020-06-30 00:00:00','ENROLLED',4),(1504,2126210,'Mbusiso','Siso','COMS','COMS2002A','SM1','B','2020-06-30 00:00:00','ENROLLED',4),(1505,2127039,'Derrin','Naidoo','COMS','COMS2002A','SM1','B','2020-06-30 00:00:00','ENROLLED',4),(1506,2127079,'Makoko Campbell','Manape','COMS','COMS2002A','SM1','B','2020-06-30 00:00:00','ENROLLED',4),(1507,2128358,'Claudio','Da Mata','COMS','COMS2002A','SM1','B','2020-06-30 00:00:00','ENROLLED',4),(1508,2128753,'Jia Lin','Lu','COMS','COMS2002A','SM1','B','2020-06-30 00:00:00','ENROLLED',4),(1509,2129518,'Magape','Mafiri','COMS','COMS2002A','SM1','B','2020-06-30 00:00:00','ENROLLED',4),(1510,2129849,'Mpho','Maumela','COMS','COMS2002A','SM1','B','2020-06-30 00:00:00','ENROLLED',4),(1511,2130564,'Lerato','Hlagala','COMS','COMS2002A','SM1','B','2020-06-30 00:00:00','ENROLLED',4),(1512,2130644,'Sisonke','Msezane','COMS','COMS2002A','SM1','B','2020-06-30 00:00:00','ENROLLED',4),(1513,2130738,'Pabalelo','Mosoma','COMS','COMS2002A','SM1','B','2020-06-30 00:00:00','ENROLLED',4),(1514,2131902,'Vhuhulu','Chauke','COMS','COMS2002A','SM1','B','2020-06-30 00:00:00','ENROLLED',4),(1515,2134111,'Oluwatimileyin','Obagbuwa','COMS','COMS2002A','SM1','B','2020-06-30 00:00:00','ENROLLED',4),(1516,2135594,'Kgosi','Gabaocwe','COMS','COMS2002A','SM1','B','2020-06-30 00:00:00','ENROLLED',4),(1517,2136369,'Robert','Schwarz','COMS','COMS2002A','SM1','B','2020-06-30 00:00:00','ENROLLED',4),(1518,2136485,'Alan','Burke','COMS','COMS2002A','SM1','B','2020-06-30 00:00:00','ENROLLED',4),(1519,2136717,'Zahraah','Rasool','COMS','COMS2002A','SM1','B','2020-06-30 00:00:00','ENROLLED',4),(1520,2138802,'Vukosi','Moyane','COMS','COMS2002A','SM1','B','2020-06-30 00:00:00','ENROLLED',4),(1521,2139555,'Emanuel','Maluleke','COMS','COMS2002A','SM1','B','2020-06-30 00:00:00','ENROLLED',4),(1522,2140474,'Mzwakhe','Mavimbela','COMS','COMS2002A','SM1','B','2020-06-30 00:00:00','ENROLLED',4),(1523,2140796,'Mahdiyah','Manjra','COMS','COMS2002A','SM1','B','2020-06-30 00:00:00','ENROLLED',4),(1524,2141408,'Aobakwe','Sephiri','COMS','COMS2002A','SM1','B','2020-06-30 00:00:00','ENROLLED',4),(1525,2141916,'Kayla','Levy','COMS','COMS2002A','SM1','B','2020-06-30 00:00:00','ENROLLED',4),(1526,2142854,'Jonathan','Koch','COMS','COMS2002A','SM1','B','2020-06-30 00:00:00','ENROLLED',4),(1527,2143116,'Joshua','Wacks','COMS','COMS2002A','SM1','B','2020-06-30 00:00:00','ENROLLED',4),(1528,2143686,'Mengetiwemalangeni','Dlamini','COMS','COMS2002A','SM1','B','2020-06-30 00:00:00','ENROLLED',4),(1529,2144815,'Connor','Mc Crae','COMS','COMS2002A','SM1','B','2020-06-30 00:00:00','ENROLLED',4),(1530,2152320,'Alex','Vogt','COMS','COMS2002A','SM1','B','2020-06-30 00:00:00','ENROLLED',4),(1531,2152375,'Gabriel','Tidy','COMS','COMS2002A','SM1','B','2020-06-30 00:00:00','ENROLLED',4),(1532,2153026,'Moshe','Brill','COMS','COMS2002A','SM1','B','2020-06-30 00:00:00','ENROLLED',4),(1533,2153048,'Yaakov','Brill','COMS','COMS2002A','SM1','B','2020-06-30 00:00:00','ENROLLED',4),(1534,2153068,'Shlomo','Brill','COMS','COMS2002A','SM1','B','2020-06-30 00:00:00','ENROLLED',4),(1535,2153172,'Jecoliah','Ramdhin','COMS','COMS2002A','SM1','B','2020-06-30 00:00:00','ENROLLED',4),(1536,2154154,'Tawanda','Sithole','COMS','COMS2002A','SM1','B','2020-06-30 00:00:00','ENROLLED',4),(1537,2154519,'Mpendulo','Nxumalo','COMS','COMS2002A','SM1','B','2020-06-30 00:00:00','ENROLLED',4),(1538,2158867,'Ramasedi','Khampepe','COMS','COMS2002A','SM1','B','2020-06-30 00:00:00','ENROLLED',4),(1539,2159285,'Blessed','Nyengerai','COMS','COMS2002A','SM1','B','2020-06-30 00:00:00','ENROLLED',4),(1540,2160806,'Wiehann','Kruger','COMS','COMS2002A','SM1','B','2020-06-30 00:00:00','ENROLLED',4),(1541,2161334,'Kiara','Gabriel','COMS','COMS2002A','SM1','B','2020-06-30 00:00:00','ENROLLED',4),(1542,2164194,'Koena','Rammutla','COMS','COMS2002A','SM1','B','2020-06-30 00:00:00','ENROLLED',4),(1543,2167082,'Xolani','Nqubezelo','COMS','COMS2002A','SM1','B','2020-06-30 00:00:00','ENROLLED',4),(1544,2168115,'Colin','Hugo','COMS','COMS2002A','SM1','B','2020-06-30 00:00:00','ENROLLED',4),(1545,2169468,'Benjamin','Valkin','COMS','COMS2002A','SM1','B','2020-06-30 00:00:00','ENROLLED',4),(1546,2172765,'Phutiane','Chipu','COMS','COMS2002A','SM1','B','2020-06-30 00:00:00','ENROLLED',4),(1547,2173638,'Shravan','Singh','COMS','COMS2002A','SM1','B','2020-06-30 00:00:00','ENROLLED',4),(1548,2178274,'Jolene','Webber','COMS','COMS2002A','SM1','B','2020-06-30 00:00:00','ENROLLED',4),(1549,2179115,'Dylan','Fasser','COMS','COMS2002A','SM1','B','2020-06-30 00:00:00','ENROLLED',4),(1550,2180393,'Arneev','Singh','COMS','COMS2002A','SM1','B','2020-06-30 00:00:00','ENROLLED',4),(1551,2180804,'Sean','Terespolsky','COMS','COMS2002A','SM1','B','2020-06-30 00:00:00','ENROLLED',4),(1552,2181532,'Atlast','Ganyane','COMS','COMS2002A','SM1','B','2020-06-30 00:00:00','ENROLLED',4),(1553,2185695,'Phillip','Moyo','COMS','COMS2002A','SM1','B','2020-06-30 00:00:00','ENROLLED',4),(1554,2202103,'Aashna','Gaogle','COMS','COMS2002A','SM1','B','2020-06-30 00:00:00','ENROLLED',4),(1555,2234379,'Godfrey','Chamunogwa','COMS','COMS2002A','SM1','B','2020-06-30 00:00:00','ENROLLED',4),(1556,2231401,'Monica','Ankala','COMS','COMS2002A','SM1','B','2020-06-30 00:00:00','ENROLLED',4),(1557,2228361,'James','Thackeray','COMS','COMS2002A','SM1','B','2020-06-30 00:00:00','ENROLLED',4),(1558,2246323,'Luka','Zatezalo','COMS','COMS2002A','SM1','B','2020-06-30 00:00:00','ENROLLED',4),(1559,2241186,'Gideon','Ilung','COMS','COMS2002A','SM1','B','2020-06-30 00:00:00','ENROLLED',4),(1560,2274807,'Tshavhalufu','Singo','COMS','COMS2002A','SM1','B','2020-06-30 00:00:00','ENROLLED',4),(1561,2244590,'Montoane','Maapeya','COMS','COMS2002A','SM1','B','2020-06-30 00:00:00','ENROLLED',4),(1562,2233063,'Phoenix','Krinsky','COMS','COMS2002A','SM1','B','2020-06-30 00:00:00','ENROLLED',4),(1563,2269574,'Mafora Katlego','Masemene','COMS','COMS2002A','SM1','B','2020-06-30 00:00:00','ENROLLED',4),(1564,2280727,'Phumlani','Ntini','COMS','COMS2002A','SM1','B','2020-06-30 00:00:00','ENROLLED',4),(1565,2295593,'Shan','O\'Neil','COMS','COMS2002A','SM1','B','2020-06-30 00:00:00','ENROLLED',4);
/*!40000 ALTER TABLE `enrollments` ENABLE KEYS */;
UNLOCK TABLES;

--
-- Table structure for table `users`
--

DROP TABLE IF EXISTS `users`;
/*!40101 SET @saved_cs_client     = @@character_set_client */;
/*!50503 SET character_set_client = utf8mb4 */;
CREATE TABLE `users` (
  `userID` varchar(45) NOT NULL,
  `password` varchar(100) NOT NULL,
  `role` varchar(45) NOT NULL,
  PRIMARY KEY (`userID`)
) ENGINE=InnoDB DEFAULT CHARSET=utf8;
/*!40101 SET character_set_client = @saved_cs_client */;

--
-- Dumping data for table `users`
--

LOCK TABLES `users` WRITE;
/*!40000 ALTER TABLE `users` DISABLE KEYS */;
INSERT INTO `users` VALUES ('admin','$2y$10$n6NlWtHmEWH04fN6JqAA5eDKVwA8MAFHNGYVN45GVqdU82kmeKt9e','admin'),('steve','$2y$10$n6NlWtHmEWH04fN6JqAA5eDKVwA8MAFHNGYVN45GVqdU82kmeKt9e','user'),('test','test','test');
/*!40000 ALTER TABLE `users` ENABLE KEYS */;
UNLOCK TABLES;
/*!40103 SET TIME_ZONE=@OLD_TIME_ZONE */;

/*!40101 SET SQL_MODE=@OLD_SQL_MODE */;
/*!40014 SET FOREIGN_KEY_CHECKS=@OLD_FOREIGN_KEY_CHECKS */;
/*!40014 SET UNIQUE_CHECKS=@OLD_UNIQUE_CHECKS */;
/*!40101 SET CHARACTER_SET_CLIENT=@OLD_CHARACTER_SET_CLIENT */;
/*!40101 SET CHARACTER_SET_RESULTS=@OLD_CHARACTER_SET_RESULTS */;
/*!40101 SET COLLATION_CONNECTION=@OLD_COLLATION_CONNECTION */;
/*!40111 SET SQL_NOTES=@OLD_SQL_NOTES */;

-- Dump completed on 2020-05-28  2:19:50
